location,year,month,value,min,max,one,aggregation
Armii Krajowej,2016,Jan,,,,1,1
Armii Krajowej,2016,Feb,,,,1,1
Armii Krajowej,2016,Mar,,,,1,1
Armii Krajowej,2016,Apr,,,,1,1
Armii Krajowej,2016,May,,,,1,1
Armii Krajowej,2016,Jun,,,,1,1
Armii Krajowej,2016,Jul,,,,1,1
Armii Krajowej,2016,Aug,,,,1,1
Armii Krajowej,2016,Sep,,,,1,1
Armii Krajowej,2016,Oct,,,,1,1
Armii Krajowej,2016,Nov,,,,1,1
Armii Krajowej,2016,Dec,,,,1,1
Armii Krajowej,2017,Jan,,,,1,1
Armii Krajowej,2017,Feb,,,,1,1
Armii Krajowej,2017,Mar,,,,1,1
Armii Krajowej,2017,Apr,,,,1,1
Armii Krajowej,2017,May,,,,1,1
Armii Krajowej,2017,Jun,,,,1,1
Armii Krajowej,2017,Jul,,,,1,1
Armii Krajowej,2017,Aug,,,,1,1
Armii Krajowej,2017,Sep,,,,1,1
Armii Krajowej,2017,Oct,,,,1,1
Armii Krajowej,2017,Nov,,,,1,1
Armii Krajowej,2017,Dec,,,,1,1
Armii Krajowej,2018,Jan,,,,1,1
Armii Krajowej,2018,Feb,,,,1,1
Armii Krajowej,2018,Mar,,,,1,1
Armii Krajowej,2018,Apr,,,,1,1
Armii Krajowej,2018,May,,,,1,1
Armii Krajowej,2018,Jun,,,,1,1
Armii Krajowej,2018,Jul,,,,1,1
Armii Krajowej,2018,Aug,,,,1,1
Armii Krajowej,2018,Sep,,,,1,1
Armii Krajowej,2018,Oct,,,,1,1
Armii Krajowej,2018,Nov,,,,1,1
Armii Krajowej,2018,Dec,,,,1,1
Armii Krajowej,2019,Jan,,,,1,1
Armii Krajowej,2019,Feb,,,,1,1
Armii Krajowej,2019,Mar,,,,1,1
Armii Krajowej,2019,Apr,,,,1,1
Armii Krajowej,2019,May,,,,1,1
Armii Krajowej,2019,Jun,,,,1,1
Armii Krajowej,2019,Jul,,,,1,1
Armii Krajowej,2019,Aug,,,,1,1
Armii Krajowej,2019,Sep,,,,1,1
Armii Krajowej,2019,Oct,,,,1,1
Armii Krajowej,2019,Nov,,,,1,1
Armii Krajowej,2019,Dec,,,,1,1
Armii Krajowej,2020,Jan,,,,1,1
Armii Krajowej,2020,Feb,,,,1,1
Armii Krajowej,2020,Mar,,,,1,1
Armii Krajowej,2020,Apr,,,,1,1
Armii Krajowej,2020,May,,,,1,1
Armii Krajowej,2020,Jun,,,,1,1
Armii Krajowej,2020,Jul,,,,1,1
Armii Krajowej,2020,Aug,,,,1,1
Armii Krajowej,2020,Sep,,,,1,1
Armii Krajowej,2020,Oct,,,,1,1
Armii Krajowej,2020,Nov,,,,1,1
Armii Krajowej,2020,Dec,179,179.32,179.32,1,1
Armii Krajowej,2021,Jan,127,127.097,127.097,1,1
Armii Krajowej,2021,Feb,143,142.714,142.714,1,1
Armii Krajowej,2021,Mar,349,349.29,349.29,1,1
Armii Krajowej,2021,Apr,543,543.033,543.033,1,1
Armii Krajowej,2021,May,869,869.161,869.161,1,1
Armii Krajowej,2021,Jun,1332,1332.433,1332.433,1,1
Armii Krajowej,2021,Jul,1127,1126.968,1126.968,1,1
Armii Krajowej,2021,Aug,937,936.935,936.935,1,1
Armii Krajowej,2021,Sep,888,888,888,1,1
Armii Krajowej,2021,Oct,715,715,715,1,1
Armii Krajowej,2021,Nov,411,411.033,411.033,1,1
Armii Krajowej,2021,Dec,170,169.677,169.677,1,1
Armii Krajowej,2022,Jan,152,152.097,152.097,1,1
Armii Krajowej,2022,Feb,219,219.107,219.107,1,1
Armii Krajowej,2022,Mar,488,488.194,488.194,1,1
Armii Krajowej,2022,Apr,536,535.733,535.733,1,1
Armii Krajowej,2022,May,1312,1311.71,1311.71,1,1
Armii Krajowej,2022,Jun,1366,1365.933,1365.933,1,1
Armii Krajowej,2022,Jul,1172,1172.419,1172.419,1,1
Armii Krajowej,2022,Aug,1248,1247.806,1247.806,1,1
Armii Krajowej,2022,Sep,798,798.267,798.267,1,1
Armii Krajowej,2022,Oct,795,794.5,794.5,1,1
Armii Krajowej,2022,Nov,,,,1,1
Armii Krajowej,2022,Dec,,,,1,1
Bora-Komorowskiego,2016,Jan,,,,1,1
Bora-Komorowskiego,2016,Feb,,,,1,1
Bora-Komorowskiego,2016,Mar,,,,1,1
Bora-Komorowskiego,2016,Apr,,,,1,1
Bora-Komorowskiego,2016,May,,,,1,1
Bora-Komorowskiego,2016,Jun,,,,1,1
Bora-Komorowskiego,2016,Jul,,,,1,1
Bora-Komorowskiego,2016,Aug,,,,1,1
Bora-Komorowskiego,2016,Sep,,,,1,1
Bora-Komorowskiego,2016,Oct,,,,1,1
Bora-Komorowskiego,2016,Nov,,,,1,1
Bora-Komorowskiego,2016,Dec,,,,1,1
Bora-Komorowskiego,2017,Jan,,,,1,1
Bora-Komorowskiego,2017,Feb,,,,1,1
Bora-Komorowskiego,2017,Mar,,,,1,1
Bora-Komorowskiego,2017,Apr,,,,1,1
Bora-Komorowskiego,2017,May,,,,1,1
Bora-Komorowskiego,2017,Jun,,,,1,1
Bora-Komorowskiego,2017,Jul,,,,1,1
Bora-Komorowskiego,2017,Aug,,,,1,1
Bora-Komorowskiego,2017,Sep,,,,1,1
Bora-Komorowskiego,2017,Oct,,,,1,1
Bora-Komorowskiego,2017,Nov,,,,1,1
Bora-Komorowskiego,2017,Dec,,,,1,1
Bora-Komorowskiego,2018,Jan,,,,1,1
Bora-Komorowskiego,2018,Feb,,,,1,1
Bora-Komorowskiego,2018,Mar,,,,1,1
Bora-Komorowskiego,2018,Apr,,,,1,1
Bora-Komorowskiego,2018,May,,,,1,1
Bora-Komorowskiego,2018,Jun,,,,1,1
Bora-Komorowskiego,2018,Jul,904,903.538,903.538,1,1
Bora-Komorowskiego,2018,Aug,1180,1179.968,1179.968,1,1
Bora-Komorowskiego,2018,Sep,943,942.667,942.667,1,1
Bora-Komorowskiego,2018,Oct,603,603.129,603.129,1,1
Bora-Komorowskiego,2018,Nov,342,341.833,341.833,1,1
Bora-Komorowskiego,2018,Dec,135,134.645,134.645,1,1
Bora-Komorowskiego,2019,Jan,95,95.419,95.419,1,1
Bora-Komorowskiego,2019,Feb,225,224.75,224.75,1,1
Bora-Komorowskiego,2019,Mar,402,401.677,401.677,1,1
Bora-Komorowskiego,2019,Apr,630,630.033,630.033,1,1
Bora-Komorowskiego,2019,May,689,688.613,688.613,1,1
Bora-Komorowskiego,2019,Jun,1403,1403.4,1403.4,1,1
Bora-Komorowskiego,2019,Jul,1187,1186.677,1186.677,1,1
Bora-Komorowskiego,2019,Aug,1215,1215.194,1215.194,1,1
Bora-Komorowskiego,2019,Sep,860,859.6,859.6,1,1
Bora-Komorowskiego,2019,Oct,737,736.677,736.677,1,1
Bora-Komorowskiego,2019,Nov,383,382.567,382.567,1,1
Bora-Komorowskiego,2019,Dec,242,241.839,241.839,1,1
Bora-Komorowskiego,2020,Jan,234,233.774,233.774,1,1
Bora-Komorowskiego,2020,Feb,238,238.448,238.448,1,1
Bora-Komorowskiego,2020,Mar,375,374.968,374.968,1,1
Bora-Komorowskiego,2020,Apr,693,693,693,1,1
Bora-Komorowskiego,2020,May,996,996.226,996.226,1,1
Bora-Komorowskiego,2020,Jun,1301,1301,1301,1,1
Bora-Komorowskiego,2020,Jul,1486,1485.548,1485.548,1,1
Bora-Komorowskiego,2020,Aug,1375,1375.323,1375.323,1,1
Bora-Komorowskiego,2020,Sep,1218,1217.567,1217.567,1,1
Bora-Komorowskiego,2020,Oct,655,655.129,655.129,1,1
Bora-Komorowskiego,2020,Nov,472,472.433,472.433,1,1
Bora-Komorowskiego,2020,Dec,267,267.194,267.194,1,1
Bora-Komorowskiego,2021,Jan,203,203.355,203.355,1,1
Bora-Komorowskiego,2021,Feb,236,235.786,235.786,1,1
Bora-Komorowskiego,2021,Mar,465,465.355,465.355,1,1
Bora-Komorowskiego,2021,Apr,645,644.5,644.5,1,1
Bora-Komorowskiego,2021,May,1037,1036.871,1036.871,1,1
Bora-Komorowskiego,2021,Jun,1477,1477.2,1477.2,1,1
Bora-Komorowskiego,2021,Jul,1228,1228.226,1228.226,1,1
Bora-Komorowskiego,2021,Aug,984,984.065,984.065,1,1
Bora-Komorowskiego,2021,Sep,967,966.633,966.633,1,1
Bora-Komorowskiego,2021,Oct,722,722.161,722.161,1,1
Bora-Komorowskiego,2021,Nov,429,428.5,428.5,1,1
Bora-Komorowskiego,2021,Dec,189,188.71,188.71,1,1
Bora-Komorowskiego,2022,Jan,164,164,164,1,1
Bora-Komorowskiego,2022,Feb,261,261.429,261.429,1,1
Bora-Komorowskiego,2022,Mar,528,528.032,528.032,1,1
Bora-Komorowskiego,2022,Apr,573,573.067,573.067,1,1
Bora-Komorowskiego,2022,May,1530,1530.419,1530.419,1,1
Bora-Komorowskiego,2022,Jun,1568,1568.3,1568.3,1,1
Bora-Komorowskiego,2022,Jul,1334,1334.258,1334.258,1,1
Bora-Komorowskiego,2022,Aug,1508,1507.645,1507.645,1,1
Bora-Komorowskiego,2022,Sep,973,973.333,973.333,1,1
Bora-Komorowskiego,2022,Oct,897,897.357,897.357,1,1
Bora-Komorowskiego,2022,Nov,,,,1,1
Bora-Komorowskiego,2022,Dec,,,,1,1
Bulwary,2016,Jan,,,,1,1
Bulwary,2016,Feb,,,,1,1
Bulwary,2016,Mar,,,,1,1
Bulwary,2016,Apr,,,,1,1
Bulwary,2016,May,,,,1,1
Bulwary,2016,Jun,,,,1,1
Bulwary,2016,Jul,,,,1,1
Bulwary,2016,Aug,,,,1,1
Bulwary,2016,Sep,,,,1,1
Bulwary,2016,Oct,,,,1,1
Bulwary,2016,Nov,538,538.308,538.308,1,1
Bulwary,2016,Dec,254,254.355,254.355,1,1
Bulwary,2017,Jan,89,89.097,89.097,1,1
Bulwary,2017,Feb,238,237.929,237.929,1,1
Bulwary,2017,Mar,855,854.935,854.935,1,1
Bulwary,2017,Apr,1082,1081.5,1081.5,1,1
Bulwary,2017,May,2158,2158.032,2158.032,1,1
Bulwary,2017,Jun,2681,2681.467,2681.467,1,1
Bulwary,2017,Jul,2677,2677.419,2677.419,1,1
Bulwary,2017,Aug,2625,2624.613,2624.613,1,1
Bulwary,2017,Sep,1473,1472.967,1472.967,1,1
Bulwary,2017,Oct,1039,1038.645,1038.645,1,1
Bulwary,2017,Nov,559,558.633,558.633,1,1
Bulwary,2017,Dec,261,261.452,261.452,1,1
Bulwary,2018,Jan,264,263.903,263.903,1,1
Bulwary,2018,Feb,184,183.643,183.643,1,1
Bulwary,2018,Mar,488,488.452,488.452,1,1
Bulwary,2018,Apr,2701,2701.3,2701.3,1,1
Bulwary,2018,May,3118,3117.742,3117.742,1,1
Bulwary,2018,Jun,2558,2557.767,2557.767,1,1
Bulwary,2018,Jul,2197,2197.161,2197.161,1,1
Bulwary,2018,Aug,2326,2326.484,2326.484,1,1
Bulwary,2018,Sep,1955,1955.267,1955.267,1,1
Bulwary,2018,Oct,1410,1410.065,1410.065,1,1
Bulwary,2018,Nov,710,709.533,709.533,1,1
Bulwary,2018,Dec,260,259.742,259.742,1,1
Bulwary,2019,Jan,152,152.258,152.258,1,1
Bulwary,2019,Feb,558,558.286,558.286,1,1
Bulwary,2019,Mar,1162,1161.806,1161.806,1,1
Bulwary,2019,Apr,1716,1716.1,1716.1,1,1
Bulwary,2019,May,1530,1530.419,1530.419,1,1
Bulwary,2019,Jun,2999,2999.333,2999.333,1,1
Bulwary,2019,Jul,2530,2529.839,2529.839,1,1
Bulwary,2019,Aug,2887,2886.516,2886.516,1,1
Bulwary,2019,Sep,2258,2257.933,2257.933,1,1
Bulwary,2019,Oct,1851,1851.032,1851.032,1,1
Bulwary,2019,Nov,853,852.933,852.933,1,1
Bulwary,2019,Dec,522,522.355,522.355,1,1
Bulwary,2020,Jan,483,482.516,482.516,1,1
Bulwary,2020,Feb,572,572.345,572.345,1,1
Bulwary,2020,Mar,883,882.839,882.839,1,1
Bulwary,2020,Apr,816,816.267,816.267,1,1
Bulwary,2020,May,2366,2366.355,2366.355,1,1
Bulwary,2020,Jun,3296,3296.033,3296.033,1,1
Bulwary,2020,Jul,3687,3687.452,3687.452,1,1
Bulwary,2020,Aug,3377,3376.71,3376.71,1,1
Bulwary,2020,Sep,2737,2736.733,2736.733,1,1
Bulwary,2020,Oct,1448,1448,1448,1,1
Bulwary,2020,Nov,1031,1030.7,1030.7,1,1
Bulwary,2020,Dec,550,549.613,549.613,1,1
Bulwary,2021,Jan,368,368.452,368.452,1,1
Bulwary,2021,Feb,382,382.25,382.25,1,1
Bulwary,2021,Mar,980,980.226,980.226,1,1
Bulwary,2021,Apr,1540,1540.167,1540.167,1,1
Bulwary,2021,May,2285,2284.677,2284.677,1,1
Bulwary,2021,Jun,3129,3129.167,3129.167,1,1
Bulwary,2021,Jul,2634,2634.323,2634.323,1,1
Bulwary,2021,Aug,2165,2165.323,2165.323,1,1
Bulwary,2021,Sep,2011,2010.833,2010.833,1,1
Bulwary,2021,Oct,1481,1481.29,1481.29,1,1
Bulwary,2021,Nov,762,761.6,761.6,1,1
Bulwary,2021,Dec,291,290.581,290.581,1,1
Bulwary,2022,Jan,292,292,292,1,1
Bulwary,2022,Feb,516,516,516,1,1
Bulwary,2022,Mar,1150,1150,1150,1,1
Bulwary,2022,Apr,1192,1191.933,1191.933,1,1
Bulwary,2022,May,2969,2969.419,2969.419,1,1
Bulwary,2022,Jun,3231,3231.3,3231.3,1,1
Bulwary,2022,Jul,2789,2789.097,2789.097,1,1
Bulwary,2022,Aug,2980,2980,2980,1,1
Bulwary,2022,Sep,1660,1659.7,1659.7,1,1
Bulwary,2022,Oct,1672,1672.357,1672.357,1,1
Bulwary,2022,Nov,,,,1,1
Bulwary,2022,Dec,,,,1,1
Dworzec,2016,Jan,,,,1,1
Dworzec,2016,Feb,,,,1,1
Dworzec,2016,Mar,,,,1,1
Dworzec,2016,Apr,,,,1,1
Dworzec,2016,May,,,,1,1
Dworzec,2016,Jun,,,,1,1
Dworzec,2016,Jul,,,,1,1
Dworzec,2016,Aug,,,,1,1
Dworzec,2016,Sep,,,,1,1
Dworzec,2016,Oct,,,,1,1
Dworzec,2016,Nov,,,,1,1
Dworzec,2016,Dec,,,,1,1
Dworzec,2017,Jan,,,,1,1
Dworzec,2017,Feb,,,,1,1
Dworzec,2017,Mar,,,,1,1
Dworzec,2017,Apr,,,,1,1
Dworzec,2017,May,,,,1,1
Dworzec,2017,Jun,,,,1,1
Dworzec,2017,Jul,,,,1,1
Dworzec,2017,Aug,,,,1,1
Dworzec,2017,Sep,,,,1,1
Dworzec,2017,Oct,,,,1,1
Dworzec,2017,Nov,406,406.2,406.2,1,1
Dworzec,2017,Dec,267,266.871,266.871,1,1
Dworzec,2018,Jan,281,281.097,281.097,1,1
Dworzec,2018,Feb,218,218.393,218.393,1,1
Dworzec,2018,Mar,341,340.903,340.903,1,1
Dworzec,2018,Apr,1179,1179.2,1179.2,1,1
Dworzec,2018,May,1397,1396.581,1396.581,1,1
Dworzec,2018,Jun,1387,1387.4,1387.4,1,1
Dworzec,2018,Jul,1216,1215.871,1215.871,1,1
Dworzec,2018,Aug,1348,1348.065,1348.065,1,1
Dworzec,2018,Sep,1214,1213.6,1213.6,1,1
Dworzec,2018,Oct,932,931.71,931.71,1,1
Dworzec,2018,Nov,583,583.167,583.167,1,1
Dworzec,2018,Dec,267,267.129,267.129,1,1
Dworzec,2019,Jan,163,163.452,163.452,1,1
Dworzec,2019,Feb,315,315.071,315.071,1,1
Dworzec,2019,Mar,459,459.129,459.129,1,1
Dworzec,2019,Apr,903,902.733,902.733,1,1
Dworzec,2019,May,942,942.161,942.161,1,1
Dworzec,2019,Jun,1666,1666.1,1666.1,1,1
Dworzec,2019,Jul,1535,1535.097,1535.097,1,1
Dworzec,2019,Aug,1373,1373.161,1373.161,1,1
Dworzec,2019,Sep,1213,1212.7,1212.7,1,1
Dworzec,2019,Oct,1146,1146.419,1146.419,1,1
Dworzec,2019,Nov,680,680,680,1,1
Dworzec,2019,Dec,461,460.645,460.645,1,1
Dworzec,2020,Jan,466,465.774,465.774,1,1
Dworzec,2020,Feb,475,474.828,474.828,1,1
Dworzec,2020,Mar,482,481.839,481.839,1,1
Dworzec,2020,Apr,524,524.267,524.267,1,1
Dworzec,2020,May,877,877.29,877.29,1,1
Dworzec,2020,Jun,1311,1310.733,1310.733,1,1
Dworzec,2020,Jul,1644,1643.871,1643.871,1,1
Dworzec,2020,Aug,1525,1524.968,1524.968,1,1
Dworzec,2020,Sep,1516,1515.733,1515.733,1,1
Dworzec,2020,Oct,989,988.774,988.774,1,1
Dworzec,2020,Nov,776,775.767,775.767,1,1
Dworzec,2020,Dec,558,558.452,558.452,1,1
Dworzec,2021,Jan,411,410.677,410.677,1,1
Dworzec,2021,Feb,423,422.786,422.786,1,1
Dworzec,2021,Mar,778,778.194,778.194,1,1
Dworzec,2021,Apr,870,869.867,869.867,1,1
Dworzec,2021,May,1352,1352.29,1352.29,1,1
Dworzec,2021,Jun,1903,1902.8,1902.8,1,1
Dworzec,2021,Jul,1740,1739.774,1739.774,1,1
Dworzec,2021,Aug,1395,1395.355,1395.355,1,1
Dworzec,2021,Sep,1446,1446.1,1446.1,1,1
Dworzec,2021,Oct,1337,1336.903,1336.903,1,1
Dworzec,2021,Nov,947,946.633,946.633,1,1
Dworzec,2021,Dec,543,542.968,542.968,1,1
Dworzec,2022,Jan,480,480,480,1,1
Dworzec,2022,Feb,635,635.286,635.286,1,1
Dworzec,2022,Mar,1049,1048.677,1048.677,1,1
Dworzec,2022,Apr,1066,1065.567,1065.567,1,1
Dworzec,2022,May,2116,2116.226,2116.226,1,1
Dworzec,2022,Jun,2273,2273.433,2273.433,1,1
Dworzec,2022,Jul,2040,2040,2040,1,1
Dworzec,2022,Aug,2132,2131.903,2131.903,1,1
Dworzec,2022,Sep,1725,1725.433,1725.433,1,1
Dworzec,2022,Oct,1635,1634.714,1634.714,1,1
Dworzec,2022,Nov,,,,1,1
Dworzec,2022,Dec,,,,1,1
Grzegórzecka,2016,Jan,,,,1,1
Grzegórzecka,2016,Feb,,,,1,1
Grzegórzecka,2016,Mar,,,,1,1
Grzegórzecka,2016,Apr,,,,1,1
Grzegórzecka,2016,May,,,,1,1
Grzegórzecka,2016,Jun,,,,1,1
Grzegórzecka,2016,Jul,,,,1,1
Grzegórzecka,2016,Aug,,,,1,1
Grzegórzecka,2016,Sep,,,,1,1
Grzegórzecka,2016,Oct,,,,1,1
Grzegórzecka,2016,Nov,,,,1,1
Grzegórzecka,2016,Dec,,,,1,1
Grzegórzecka,2017,Jan,,,,1,1
Grzegórzecka,2017,Feb,,,,1,1
Grzegórzecka,2017,Mar,,,,1,1
Grzegórzecka,2017,Apr,,,,1,1
Grzegórzecka,2017,May,,,,1,1
Grzegórzecka,2017,Jun,,,,1,1
Grzegórzecka,2017,Jul,,,,1,1
Grzegórzecka,2017,Aug,,,,1,1
Grzegórzecka,2017,Sep,,,,1,1
Grzegórzecka,2017,Oct,,,,1,1
Grzegórzecka,2017,Nov,,,,1,1
Grzegórzecka,2017,Dec,,,,1,1
Grzegórzecka,2018,Jan,,,,1,1
Grzegórzecka,2018,Feb,,,,1,1
Grzegórzecka,2018,Mar,,,,1,1
Grzegórzecka,2018,Apr,,,,1,1
Grzegórzecka,2018,May,,,,1,1
Grzegórzecka,2018,Jun,,,,1,1
Grzegórzecka,2018,Jul,,,,1,1
Grzegórzecka,2018,Aug,,,,1,1
Grzegórzecka,2018,Sep,,,,1,1
Grzegórzecka,2018,Oct,,,,1,1
Grzegórzecka,2018,Nov,,,,1,1
Grzegórzecka,2018,Dec,,,,1,1
Grzegórzecka,2019,Jan,,,,1,1
Grzegórzecka,2019,Feb,,,,1,1
Grzegórzecka,2019,Mar,,,,1,1
Grzegórzecka,2019,Apr,,,,1,1
Grzegórzecka,2019,May,,,,1,1
Grzegórzecka,2019,Jun,,,,1,1
Grzegórzecka,2019,Jul,,,,1,1
Grzegórzecka,2019,Aug,,,,1,1
Grzegórzecka,2019,Sep,,,,1,1
Grzegórzecka,2019,Oct,,,,1,1
Grzegórzecka,2019,Nov,,,,1,1
Grzegórzecka,2019,Dec,,,,1,1
Grzegórzecka,2020,Jan,,,,1,1
Grzegórzecka,2020,Feb,,,,1,1
Grzegórzecka,2020,Mar,,,,1,1
Grzegórzecka,2020,Apr,,,,1,1
Grzegórzecka,2020,May,,,,1,1
Grzegórzecka,2020,Jun,,,,1,1
Grzegórzecka,2020,Jul,,,,1,1
Grzegórzecka,2020,Aug,,,,1,1
Grzegórzecka,2020,Sep,,,,1,1
Grzegórzecka,2020,Oct,,,,1,1
Grzegórzecka,2020,Nov,,,,1,1
Grzegórzecka,2020,Dec,741,741.04,741.04,1,1
Grzegórzecka,2021,Jan,717,716.774,716.774,1,1
Grzegórzecka,2021,Feb,758,758.25,758.25,1,1
Grzegórzecka,2021,Mar,1125,1124.774,1124.774,1,1
Grzegórzecka,2021,Apr,1231,1231.3,1231.3,1,1
Grzegórzecka,2021,May,1771,1771.484,1771.484,1,1
Grzegórzecka,2021,Jun,2410,2409.7,2409.7,1,1
Grzegórzecka,2021,Jul,2169,2169.258,2169.258,1,1
Grzegórzecka,2021,Aug,1790,1790.387,1790.387,1,1
Grzegórzecka,2021,Sep,1758,1758.033,1758.033,1,1
Grzegórzecka,2021,Oct,1543,1543.355,1543.355,1,1
Grzegórzecka,2021,Nov,1121,1120.533,1120.533,1,1
Grzegórzecka,2021,Dec,691,690.548,690.548,1,1
Grzegórzecka,2022,Jan,568,567.677,567.677,1,1
Grzegórzecka,2022,Feb,765,764.929,764.929,1,1
Grzegórzecka,2022,Mar,1152,1151.935,1151.935,1,1
Grzegórzecka,2022,Apr,1153,1152.867,1152.867,1,1
Grzegórzecka,2022,May,2086,2086.194,2086.194,1,1
Grzegórzecka,2022,Jun,2269,2269.333,2269.333,1,1
Grzegórzecka,2022,Jul,2063,2062.677,2062.677,1,1
Grzegórzecka,2022,Aug,2221,2220.548,2220.548,1,1
Grzegórzecka,2022,Sep,1770,1769.8,1769.8,1,1
Grzegórzecka,2022,Oct,1711,1710.929,1710.929,1,1
Grzegórzecka,2022,Nov,,,,1,1
Grzegórzecka,2022,Dec,,,,1,1
Kamieńskiego,2016,Jan,,,,1,1
Kamieńskiego,2016,Feb,,,,1,1
Kamieńskiego,2016,Mar,,,,1,1
Kamieńskiego,2016,Apr,,,,1,1
Kamieńskiego,2016,May,,,,1,1
Kamieńskiego,2016,Jun,,,,1,1
Kamieńskiego,2016,Jul,,,,1,1
Kamieńskiego,2016,Aug,,,,1,1
Kamieńskiego,2016,Sep,,,,1,1
Kamieńskiego,2016,Oct,,,,1,1
Kamieńskiego,2016,Nov,,,,1,1
Kamieńskiego,2016,Dec,,,,1,1
Kamieńskiego,2017,Jan,,,,1,1
Kamieńskiego,2017,Feb,,,,1,1
Kamieńskiego,2017,Mar,,,,1,1
Kamieńskiego,2017,Apr,,,,1,1
Kamieńskiego,2017,May,,,,1,1
Kamieńskiego,2017,Jun,,,,1,1
Kamieńskiego,2017,Jul,,,,1,1
Kamieńskiego,2017,Aug,,,,1,1
Kamieńskiego,2017,Sep,,,,1,1
Kamieńskiego,2017,Oct,,,,1,1
Kamieńskiego,2017,Nov,,,,1,1
Kamieńskiego,2017,Dec,,,,1,1
Kamieńskiego,2018,Jan,,,,1,1
Kamieńskiego,2018,Feb,,,,1,1
Kamieńskiego,2018,Mar,,,,1,1
Kamieńskiego,2018,Apr,,,,1,1
Kamieńskiego,2018,May,,,,1,1
Kamieńskiego,2018,Jun,,,,1,1
Kamieńskiego,2018,Jul,,,,1,1
Kamieńskiego,2018,Aug,,,,1,1
Kamieńskiego,2018,Sep,,,,1,1
Kamieńskiego,2018,Oct,,,,1,1
Kamieńskiego,2018,Nov,,,,1,1
Kamieńskiego,2018,Dec,,,,1,1
Kamieńskiego,2019,Jan,,,,1,1
Kamieńskiego,2019,Feb,,,,1,1
Kamieńskiego,2019,Mar,,,,1,1
Kamieńskiego,2019,Apr,,,,1,1
Kamieńskiego,2019,May,,,,1,1
Kamieńskiego,2019,Jun,,,,1,1
Kamieńskiego,2019,Jul,,,,1,1
Kamieńskiego,2019,Aug,,,,1,1
Kamieńskiego,2019,Sep,,,,1,1
Kamieńskiego,2019,Oct,,,,1,1
Kamieńskiego,2019,Nov,,,,1,1
Kamieńskiego,2019,Dec,,,,1,1
Kamieńskiego,2020,Jan,,,,1,1
Kamieńskiego,2020,Feb,,,,1,1
Kamieńskiego,2020,Mar,,,,1,1
Kamieńskiego,2020,Apr,,,,1,1
Kamieńskiego,2020,May,,,,1,1
Kamieńskiego,2020,Jun,,,,1,1
Kamieńskiego,2020,Jul,,,,1,1
Kamieńskiego,2020,Aug,,,,1,1
Kamieńskiego,2020,Sep,,,,1,1
Kamieńskiego,2020,Oct,,,,1,1
Kamieńskiego,2020,Nov,,,,1,1
Kamieńskiego,2020,Dec,181,180.609,180.609,1,1
Kamieńskiego,2021,Jan,125,124.774,124.774,1,1
Kamieńskiego,2021,Feb,161,161.25,161.25,1,1
Kamieńskiego,2021,Mar,386,386.355,386.355,1,1
Kamieńskiego,2021,Apr,598,597.567,597.567,1,1
Kamieńskiego,2021,May,974,973.516,973.516,1,1
Kamieńskiego,2021,Jun,1356,1356.4,1356.4,1,1
Kamieńskiego,2021,Jul,1178,1178.065,1178.065,1,1
Kamieńskiego,2021,Aug,981,981.29,981.29,1,1
Kamieńskiego,2021,Sep,979,979.233,979.233,1,1
Kamieńskiego,2021,Oct,757,756.516,756.516,1,1
Kamieńskiego,2021,Nov,446,445.933,445.933,1,1
Kamieńskiego,2021,Dec,201,200.774,200.774,1,1
Kamieńskiego,2022,Jan,153,153.452,153.452,1,1
Kamieńskiego,2022,Feb,261,260.5,260.5,1,1
Kamieńskiego,2022,Mar,545,544.71,544.71,1,1
Kamieńskiego,2022,Apr,581,580.5,580.5,1,1
Kamieńskiego,2022,May,1417,1416.548,1416.548,1,1
Kamieńskiego,2022,Jun,1478,1478.1,1478.1,1,1
Kamieńskiego,2022,Jul,1270,1270.258,1270.258,1,1
Kamieńskiego,2022,Aug,1418,1418.129,1418.129,1,1
Kamieńskiego,2022,Sep,961,961,961,1,1
Kamieńskiego,2022,Oct,905,904.857,904.857,1,1
Kamieńskiego,2022,Nov,,,,1,1
Kamieńskiego,2022,Dec,,,,1,1
Klimeckiego,2016,Jan,,,,1,1
Klimeckiego,2016,Feb,,,,1,1
Klimeckiego,2016,Mar,,,,1,1
Klimeckiego,2016,Apr,,,,1,1
Klimeckiego,2016,May,,,,1,1
Klimeckiego,2016,Jun,,,,1,1
Klimeckiego,2016,Jul,,,,1,1
Klimeckiego,2016,Aug,,,,1,1
Klimeckiego,2016,Sep,,,,1,1
Klimeckiego,2016,Oct,,,,1,1
Klimeckiego,2016,Nov,,,,1,1
Klimeckiego,2016,Dec,,,,1,1
Klimeckiego,2017,Jan,,,,1,1
Klimeckiego,2017,Feb,,,,1,1
Klimeckiego,2017,Mar,,,,1,1
Klimeckiego,2017,Apr,,,,1,1
Klimeckiego,2017,May,,,,1,1
Klimeckiego,2017,Jun,,,,1,1
Klimeckiego,2017,Jul,,,,1,1
Klimeckiego,2017,Aug,,,,1,1
Klimeckiego,2017,Sep,,,,1,1
Klimeckiego,2017,Oct,,,,1,1
Klimeckiego,2017,Nov,,,,1,1
Klimeckiego,2017,Dec,,,,1,1
Klimeckiego,2018,Jan,,,,1,1
Klimeckiego,2018,Feb,,,,1,1
Klimeckiego,2018,Mar,,,,1,1
Klimeckiego,2018,Apr,,,,1,1
Klimeckiego,2018,May,,,,1,1
Klimeckiego,2018,Jun,,,,1,1
Klimeckiego,2018,Jul,1498,1497.852,1497.852,1,1
Klimeckiego,2018,Aug,1813,1812.774,1812.774,1,1
Klimeckiego,2018,Sep,1413,1412.967,1412.967,1,1
Klimeckiego,2018,Oct,866,866.129,866.129,1,1
Klimeckiego,2018,Nov,501,500.6,500.6,1,1
Klimeckiego,2018,Dec,218,217.71,217.71,1,1
Klimeckiego,2019,Jan,165,164.71,164.71,1,1
Klimeckiego,2019,Feb,349,348.5,348.5,1,1
Klimeckiego,2019,Mar,621,620.806,620.806,1,1
Klimeckiego,2019,Apr,997,996.867,996.867,1,1
Klimeckiego,2019,May,1055,1055.065,1055.065,1,1
Klimeckiego,2019,Jun,2198,2197.5,2197.5,1,1
Klimeckiego,2019,Jul,1889,1889.129,1889.129,1,1
Klimeckiego,2019,Aug,1611,1611.258,1611.258,1,1
Klimeckiego,2019,Sep,1338,1338.4,1338.4,1,1
Klimeckiego,2019,Oct,1166,1165.839,1165.839,1,1
Klimeckiego,2019,Nov,646,646.1,646.1,1,1
Klimeckiego,2019,Dec,410,410.355,410.355,1,1
Klimeckiego,2020,Jan,402,401.677,401.677,1,1
Klimeckiego,2020,Feb,411,411.103,411.103,1,1
Klimeckiego,2020,Mar,517,517.097,517.097,1,1
Klimeckiego,2020,Apr,730,729.833,729.833,1,1
Klimeckiego,2020,May,1210,1210.355,1210.355,1,1
Klimeckiego,2020,Jun,1751,1751.4,1751.4,1,1
Klimeckiego,2020,Jul,2229,2228.581,2228.581,1,1
Klimeckiego,2020,Aug,2072,2071.516,2071.516,1,1
Klimeckiego,2020,Sep,1664,1664.2,1664.2,1,1
Klimeckiego,2020,Oct,886,885.581,885.581,1,1
Klimeckiego,2020,Nov,670,670.267,670.267,1,1
Klimeckiego,2020,Dec,410,409.548,409.548,1,1
Klimeckiego,2021,Jan,303,302.581,302.581,1,1
Klimeckiego,2021,Feb,346,345.893,345.893,1,1
Klimeckiego,2021,Mar,650,650.355,650.355,1,1
Klimeckiego,2021,Apr,853,853.367,853.367,1,1
Klimeckiego,2021,May,1405,1405.129,1405.129,1,1
Klimeckiego,2021,Jun,2199,2198.633,2198.633,1,1
Klimeckiego,2021,Jul,1906,1905.645,1905.645,1,1
Klimeckiego,2021,Aug,1496,1495.677,1495.677,1,1
Klimeckiego,2021,Sep,1421,1420.8,1420.8,1,1
Klimeckiego,2021,Oct,1049,1049.194,1049.194,1,1
Klimeckiego,2021,Nov,652,652.4,652.4,1,1
Klimeckiego,2021,Dec,335,335.484,335.484,1,1
Klimeckiego,2022,Jan,283,283.419,283.419,1,1
Klimeckiego,2022,Feb,403,402.607,402.607,1,1
Klimeckiego,2022,Mar,785,784.548,784.548,1,1
Klimeckiego,2022,Apr,799,798.767,798.767,1,1
Klimeckiego,2022,May,1905,1904.839,1904.839,1,1
Klimeckiego,2022,Jun,2172,2172.033,2172.033,1,1
Klimeckiego,2022,Jul,1941,1941,1941,1,1
Klimeckiego,2022,Aug,2041,2040.581,2040.581,1,1
Klimeckiego,2022,Sep,1309,1308.567,1308.567,1,1
Klimeckiego,2022,Oct,1196,1196.429,1196.429,1,1
Klimeckiego,2022,Nov,,,,1,1
Klimeckiego,2022,Dec,,,,1,1
Kopernika,2016,Jan,,,,1,1
Kopernika,2016,Feb,,,,1,1
Kopernika,2016,Mar,,,,1,1
Kopernika,2016,Apr,,,,1,1
Kopernika,2016,May,,,,1,1
Kopernika,2016,Jun,,,,1,1
Kopernika,2016,Jul,,,,1,1
Kopernika,2016,Aug,,,,1,1
Kopernika,2016,Sep,,,,1,1
Kopernika,2016,Oct,,,,1,1
Kopernika,2016,Nov,,,,1,1
Kopernika,2016,Dec,,,,1,1
Kopernika,2017,Jan,,,,1,1
Kopernika,2017,Feb,,,,1,1
Kopernika,2017,Mar,,,,1,1
Kopernika,2017,Apr,,,,1,1
Kopernika,2017,May,,,,1,1
Kopernika,2017,Jun,,,,1,1
Kopernika,2017,Jul,,,,1,1
Kopernika,2017,Aug,,,,1,1
Kopernika,2017,Sep,,,,1,1
Kopernika,2017,Oct,,,,1,1
Kopernika,2017,Nov,,,,1,1
Kopernika,2017,Dec,,,,1,1
Kopernika,2018,Jan,,,,1,1
Kopernika,2018,Feb,,,,1,1
Kopernika,2018,Mar,,,,1,1
Kopernika,2018,Apr,,,,1,1
Kopernika,2018,May,,,,1,1
Kopernika,2018,Jun,,,,1,1
Kopernika,2018,Jul,2245,2244.72,2244.72,1,1
Kopernika,2018,Aug,2681,2681.29,2681.29,1,1
Kopernika,2018,Sep,2355,2355.367,2355.367,1,1
Kopernika,2018,Oct,1801,1801.065,1801.065,1,1
Kopernika,2018,Nov,1051,1051.333,1051.333,1,1
Kopernika,2018,Dec,487,486.839,486.839,1,1
Kopernika,2019,Jan,366,365.774,365.774,1,1
Kopernika,2019,Feb,677,677.071,677.071,1,1
Kopernika,2019,Mar,1199,1198.806,1198.806,1,1
Kopernika,2019,Apr,1830,1829.933,1829.933,1,1
Kopernika,2019,May,1931,1931.484,1931.484,1,1
Kopernika,2019,Jun,3314,3313.967,3313.967,1,1
Kopernika,2019,Jul,2995,2994.677,2994.677,1,1
Kopernika,2019,Aug,2733,2733.258,2733.258,1,1
Kopernika,2019,Sep,2372,2372.233,2372.233,1,1
Kopernika,2019,Oct,2249,2249,2249,1,1
Kopernika,2019,Nov,1335,1334.967,1334.967,1,1
Kopernika,2019,Dec,869,869.29,869.29,1,1
Kopernika,2020,Jan,804,804.355,804.355,1,1
Kopernika,2020,Feb,800,799.759,799.759,1,1
Kopernika,2020,Mar,907,907.129,907.129,1,1
Kopernika,2020,Apr,1144,1144.267,1144.267,1,1
Kopernika,2020,May,1863,1862.71,1862.71,1,1
Kopernika,2020,Jun,2683,2683.4,2683.4,1,1
Kopernika,2020,Jul,3099,3098.871,3098.871,1,1
Kopernika,2020,Aug,2776,2776.065,2776.065,1,1
Kopernika,2020,Sep,2692,2692.067,2692.067,1,1
Kopernika,2020,Oct,1692,1692.097,1692.097,1,1
Kopernika,2020,Nov,1296,1295.833,1295.833,1,1
Kopernika,2020,Dec,897,896.516,896.516,1,1
Kopernika,2021,Jan,686,685.839,685.839,1,1
Kopernika,2021,Feb,772,771.571,771.571,1,1
Kopernika,2021,Mar,1230,1230.194,1230.194,1,1
Kopernika,2021,Apr,1462,1462.167,1462.167,1,1
Kopernika,2021,May,2349,2348.645,2348.645,1,1
Kopernika,2021,Jun,3269,3269.333,3269.333,1,1
Kopernika,2021,Jul,2863,2862.742,2862.742,1,1
Kopernika,2021,Aug,2266,2265.806,2265.806,1,1
Kopernika,2021,Sep,2414,2413.767,2413.767,1,1
Kopernika,2021,Oct,2015,2015.323,2015.323,1,1
Kopernika,2021,Nov,1346,1346.1,1346.1,1,1
Kopernika,2021,Dec,718,718.258,718.258,1,1
Kopernika,2022,Jan,643,642.839,642.839,1,1
Kopernika,2022,Feb,835,835.179,835.179,1,1
Kopernika,2022,Mar,1488,1488.161,1488.161,1,1
Kopernika,2022,Apr,1540,1540.367,1540.367,1,1
Kopernika,2022,May,3109,3109.484,3109.484,1,1
Kopernika,2022,Jun,3134,3134.367,3134.367,1,1
Kopernika,2022,Jul,2651,2651.323,2651.323,1,1
Kopernika,2022,Aug,2774,2773.516,2773.516,1,1
Kopernika,2022,Sep,2125,2124.633,2124.633,1,1
Kopernika,2022,Oct,2032,2032.071,2032.071,1,1
Kopernika,2022,Nov,,,,1,1
Kopernika,2022,Dec,,,,1,1
Kotlarska,2016,Jan,,,,1,1
Kotlarska,2016,Feb,,,,1,1
Kotlarska,2016,Mar,,,,1,1
Kotlarska,2016,Apr,,,,1,1
Kotlarska,2016,May,,,,1,1
Kotlarska,2016,Jun,,,,1,1
Kotlarska,2016,Jul,,,,1,1
Kotlarska,2016,Aug,,,,1,1
Kotlarska,2016,Sep,,,,1,1
Kotlarska,2016,Oct,,,,1,1
Kotlarska,2016,Nov,556,555.923,555.923,1,1
Kotlarska,2016,Dec,308,307.935,307.935,1,1
Kotlarska,2017,Jan,208,207.71,207.71,1,1
Kotlarska,2017,Feb,296,296.071,296.071,1,1
Kotlarska,2017,Mar,755,754.935,754.935,1,1
Kotlarska,2017,Apr,823,822.7,822.7,1,1
Kotlarska,2017,May,1724,1724.452,1724.452,1,1
Kotlarska,2017,Jun,2671,2671.4,2671.4,1,1
Kotlarska,2017,Jul,2502,2501.968,2501.968,1,1
Kotlarska,2017,Aug,1704,1704,1704,1,1
Kotlarska,2017,Sep,1093,1092.8,1092.8,1,1
Kotlarska,2017,Oct,1184,1183.677,1183.677,1,1
Kotlarska,2017,Nov,675,675.1,675.1,1,1
Kotlarska,2017,Dec,359,358.677,358.677,1,1
Kotlarska,2018,Jan,373,373.226,373.226,1,1
Kotlarska,2018,Feb,284,284.036,284.036,1,1
Kotlarska,2018,Mar,512,511.548,511.548,1,1
Kotlarska,2018,Apr,2294,2293.967,2293.967,1,1
Kotlarska,2018,May,2683,2683.452,2683.452,1,1
Kotlarska,2018,Jun,1338,1337.8,1337.8,1,1
Kotlarska,2018,Jul,2302,2301.677,2301.677,1,1
Kotlarska,2018,Aug,2598,2598.226,2598.226,1,1
Kotlarska,2018,Sep,2167,2167.333,2167.333,1,1
Kotlarska,2018,Oct,1528,1527.774,1527.774,1,1
Kotlarska,2018,Nov,896,895.767,895.767,1,1
Kotlarska,2018,Dec,396,396,396,1,1
Kotlarska,2019,Jan,306,305.806,305.806,1,1
Kotlarska,2019,Feb,628,627.571,627.571,1,1
Kotlarska,2019,Mar,1047,1046.581,1046.581,1,1
Kotlarska,2019,Apr,1684,1683.767,1683.767,1,1
Kotlarska,2019,May,1667,1667.258,1667.258,1,1
Kotlarska,2019,Jun,3105,3104.8,3104.8,1,1
Kotlarska,2019,Jul,2884,2883.871,2883.871,1,1
Kotlarska,2019,Aug,2676,2676.387,2676.387,1,1
Kotlarska,2019,Sep,2270,2269.9,2269.9,1,1
Kotlarska,2019,Oct,2081,2080.581,2080.581,1,1
Kotlarska,2019,Nov,1208,1207.967,1207.967,1,1
Kotlarska,2019,Dec,783,782.806,782.806,1,1
Kotlarska,2020,Jan,766,765.903,765.903,1,1
Kotlarska,2020,Feb,793,793.138,793.138,1,1
Kotlarska,2020,Mar,847,846.742,846.742,1,1
Kotlarska,2020,Apr,1035,1035.4,1035.4,1,1
Kotlarska,2020,May,1695,1694.742,1694.742,1,1
Kotlarska,2020,Jun,2466,2465.867,2465.867,1,1
Kotlarska,2020,Jul,3130,3129.71,3129.71,1,1
Kotlarska,2020,Aug,2933,2932.774,2932.774,1,1
Kotlarska,2020,Sep,2630,2630.233,2630.233,1,1
Kotlarska,2020,Oct,1533,1533.194,1533.194,1,1
Kotlarska,2020,Nov,1213,1213.167,1213.167,1,1
Kotlarska,2020,Dec,768,767.839,767.839,1,1
Kotlarska,2021,Jan,577,576.581,576.581,1,1
Kotlarska,2021,Feb,628,627.821,627.821,1,1
Kotlarska,2021,Mar,1152,1152.258,1152.258,1,1
Kotlarska,2021,Apr,1359,1359.167,1359.167,1,1
Kotlarska,2021,May,2210,2210.323,2210.323,1,1
Kotlarska,2021,Jun,3194,3194.333,3194.333,1,1
Kotlarska,2021,Jul,2808,2808.065,2808.065,1,1
Kotlarska,2021,Aug,2242,2241.935,2241.935,1,1
Kotlarska,2021,Sep,2303,2303.2,2303.2,1,1
Kotlarska,2021,Oct,1841,1840.806,1840.806,1,1
Kotlarska,2021,Nov,1215,1214.967,1214.967,1,1
Kotlarska,2021,Dec,659,658.774,658.774,1,1
Kotlarska,2022,Jan,555,554.903,554.903,1,1
Kotlarska,2022,Feb,778,778.071,778.071,1,1
Kotlarska,2022,Mar,1361,1360.742,1360.742,1,1
Kotlarska,2022,Apr,1439,1438.633,1438.633,1,1
Kotlarska,2022,May,2954,2953.645,2953.645,1,1
Kotlarska,2022,Jun,3247,3246.733,3246.733,1,1
Kotlarska,2022,Jul,2858,2857.903,2857.903,1,1
Kotlarska,2022,Aug,3015,3014.839,3014.839,1,1
Kotlarska,2022,Sep,2157,2157.033,2157.033,1,1
Kotlarska,2022,Oct,2048,2047.714,2047.714,1,1
Kotlarska,2022,Nov,,,,1,1
Kotlarska,2022,Dec,,,,1,1
Mogilska,2016,Jan,,,,1,1
Mogilska,2016,Feb,,,,1,1
Mogilska,2016,Mar,,,,1,1
Mogilska,2016,Apr,,,,1,1
Mogilska,2016,May,,,,1,1
Mogilska,2016,Jun,,,,1,1
Mogilska,2016,Jul,,,,1,1
Mogilska,2016,Aug,,,,1,1
Mogilska,2016,Sep,,,,1,1
Mogilska,2016,Oct,,,,1,1
Mogilska,2016,Nov,908,908.385,908.385,1,1
Mogilska,2016,Dec,518,518,518,1,1
Mogilska,2017,Jan,334,333.935,333.935,1,1
Mogilska,2017,Feb,435,435.286,435.286,1,1
Mogilska,2017,Mar,1159,1159.032,1159.032,1,1
Mogilska,2017,Apr,1240,1240.1,1240.1,1,1
Mogilska,2017,May,2359,2358.645,2358.645,1,1
Mogilska,2017,Jun,3551,3551.4,3551.4,1,1
Mogilska,2017,Jul,3198,3197.677,3197.677,1,1
Mogilska,2017,Aug,3209,3208.742,3208.742,1,1
Mogilska,2017,Sep,2030,2030.167,2030.167,1,1
Mogilska,2017,Oct,1735,1734.581,1734.581,1,1
Mogilska,2017,Nov,1060,1060.1,1060.1,1,1
Mogilska,2017,Dec,581,580.548,580.548,1,1
Mogilska,2018,Jan,587,587.129,587.129,1,1
Mogilska,2018,Feb,450,449.643,449.643,1,1
Mogilska,2018,Mar,752,751.968,751.968,1,1
Mogilska,2018,Apr,2977,2977.167,2977.167,1,1
Mogilska,2018,May,3343,3342.742,3342.742,1,1
Mogilska,2018,Jun,3259,3258.5,3258.5,1,1
Mogilska,2018,Jul,2870,2870.258,2870.258,1,1
Mogilska,2018,Aug,3137,3136.516,3136.516,1,1
Mogilska,2018,Sep,2743,2742.867,2742.867,1,1
Mogilska,2018,Oct,2018,2018.323,2018.323,1,1
Mogilska,2018,Nov,1178,1178.4,1178.4,1,1
Mogilska,2018,Dec,539,539,539,1,1
Mogilska,2019,Jan,415,415.419,415.419,1,1
Mogilska,2019,Feb,812,811.857,811.857,1,1
Mogilska,2019,Mar,1351,1351.419,1351.419,1,1
Mogilska,2019,Apr,2049,2049.267,2049.267,1,1
Mogilska,2019,May,2089,2089.258,2089.258,1,1
Mogilska,2019,Jun,3644,3644.167,3644.167,1,1
Mogilska,2019,Jul,3395,3394.806,3394.806,1,1
Mogilska,2019,Aug,3161,3161.29,3161.29,1,1
Mogilska,2019,Sep,2724,2724.167,2724.167,1,1
Mogilska,2019,Oct,2486,2485.742,2485.742,1,1
Mogilska,2019,Nov,1461,1461.1,1461.1,1,1
Mogilska,2019,Dec,948,948.194,948.194,1,1
Mogilska,2020,Jan,902,902.129,902.129,1,1
Mogilska,2020,Feb,909,909.414,909.414,1,1
Mogilska,2020,Mar,1047,1047.484,1047.484,1,1
Mogilska,2020,Apr,1379,1378.767,1378.767,1,1
Mogilska,2020,May,2173,2173.323,2173.323,1,1
Mogilska,2020,Jun,3183,3183.367,3183.367,1,1
Mogilska,2020,Jul,3813,3812.677,3812.677,1,1
Mogilska,2020,Aug,3444,3444.065,3444.065,1,1
Mogilska,2020,Sep,3248,3247.6,3247.6,1,1
Mogilska,2020,Oct,2003,2002.677,2002.677,1,1
Mogilska,2020,Nov,1452,1451.667,1451.667,1,1
Mogilska,2020,Dec,928,927.871,927.871,1,1
Mogilska,2021,Jan,682,682.29,682.29,1,1
Mogilska,2021,Feb,803,803.464,803.464,1,1
Mogilska,2021,Mar,1363,1362.935,1362.935,1,1
Mogilska,2021,Apr,1634,1633.9,1633.9,1,1
Mogilska,2021,May,2664,2664.484,2664.484,1,1
Mogilska,2021,Jun,3761,3761.2,3761.2,1,1
Mogilska,2021,Jul,3294,3293.935,3293.935,1,1
Mogilska,2021,Aug,2621,2621.065,2621.065,1,1
Mogilska,2021,Sep,2792,2791.7,2791.7,1,1
Mogilska,2021,Oct,2338,2337.903,2337.903,1,1
Mogilska,2021,Nov,1529,1529.433,1529.433,1,1
Mogilska,2021,Dec,796,795.968,795.968,1,1
Mogilska,2022,Jan,656,656.355,656.355,1,1
Mogilska,2022,Feb,927,926.643,926.643,1,1
Mogilska,2022,Mar,1689,1689.452,1689.452,1,1
Mogilska,2022,Apr,1779,1778.6,1778.6,1,1
Mogilska,2022,May,3665,3664.613,3664.613,1,1
Mogilska,2022,Jun,3808,3807.933,3807.933,1,1
Mogilska,2022,Jul,3288,3287.935,3287.935,1,1
Mogilska,2022,Aug,3537,3537.097,3537.097,1,1
Mogilska,2022,Sep,2679,2679.433,2679.433,1,1
Mogilska,2022,Oct,2558,2558.286,2558.286,1,1
Mogilska,2022,Nov,,,,1,1
Mogilska,2022,Dec,,,,1,1
Monte Cassino,2016,Jan,,,,1,1
Monte Cassino,2016,Feb,,,,1,1
Monte Cassino,2016,Mar,,,,1,1
Monte Cassino,2016,Apr,,,,1,1
Monte Cassino,2016,May,,,,1,1
Monte Cassino,2016,Jun,,,,1,1
Monte Cassino,2016,Jul,,,,1,1
Monte Cassino,2016,Aug,,,,1,1
Monte Cassino,2016,Sep,,,,1,1
Monte Cassino,2016,Oct,,,,1,1
Monte Cassino,2016,Nov,,,,1,1
Monte Cassino,2016,Dec,,,,1,1
Monte Cassino,2017,Jan,,,,1,1
Monte Cassino,2017,Feb,,,,1,1
Monte Cassino,2017,Mar,,,,1,1
Monte Cassino,2017,Apr,,,,1,1
Monte Cassino,2017,May,,,,1,1
Monte Cassino,2017,Jun,,,,1,1
Monte Cassino,2017,Jul,,,,1,1
Monte Cassino,2017,Aug,,,,1,1
Monte Cassino,2017,Sep,,,,1,1
Monte Cassino,2017,Oct,,,,1,1
Monte Cassino,2017,Nov,505,505.063,505.063,1,1
Monte Cassino,2017,Dec,307,307.097,307.097,1,1
Monte Cassino,2018,Jan,333,333.065,333.065,1,1
Monte Cassino,2018,Feb,229,228.714,228.714,1,1
Monte Cassino,2018,Mar,435,434.71,434.71,1,1
Monte Cassino,2018,Apr,1939,1938.633,1938.633,1,1
Monte Cassino,2018,May,2190,2189.806,2189.806,1,1
Monte Cassino,2018,Jun,1996,1996.2,1996.2,1,1
Monte Cassino,2018,Jul,1834,1833.742,1833.742,1,1
Monte Cassino,2018,Aug,2053,2052.645,2052.645,1,1
Monte Cassino,2018,Sep,1701,1700.967,1700.967,1,1
Monte Cassino,2018,Oct,1143,1142.903,1142.903,1,1
Monte Cassino,2018,Nov,663,662.567,662.567,1,1
Monte Cassino,2018,Dec,284,284.065,284.065,1,1
Monte Cassino,2019,Jan,189,188.742,188.742,1,1
Monte Cassino,2019,Feb,458,457.5,457.5,1,1
Monte Cassino,2019,Mar,838,838.452,838.452,1,1
Monte Cassino,2019,Apr,1343,1343.167,1343.167,1,1
Monte Cassino,2019,May,1488,1487.581,1487.581,1,1
Monte Cassino,2019,Jun,2814,2814.333,2814.333,1,1
Monte Cassino,2019,Jul,2570,2570.29,2570.29,1,1
Monte Cassino,2019,Aug,2384,2383.968,2383.968,1,1
Monte Cassino,2019,Sep,1825,1825.433,1825.433,1,1
Monte Cassino,2019,Oct,1781,1780.871,1780.871,1,1
Monte Cassino,2019,Nov,1016,1016.033,1016.033,1,1
Monte Cassino,2019,Dec,626,625.839,625.839,1,1
Monte Cassino,2020,Jan,573,572.71,572.71,1,1
Monte Cassino,2020,Feb,614,613.966,613.966,1,1
Monte Cassino,2020,Mar,742,742,742,1,1
Monte Cassino,2020,Apr,895,895.067,895.067,1,1
Monte Cassino,2020,May,1588,1587.774,1587.774,1,1
Monte Cassino,2020,Jun,2340,2340.167,2340.167,1,1
Monte Cassino,2020,Jul,2761,2760.774,2760.774,1,1
Monte Cassino,2020,Aug,2613,2613.161,2613.161,1,1
Monte Cassino,2020,Sep,2416,2416.433,2416.433,1,1
Monte Cassino,2020,Oct,1364,1364.484,1364.484,1,1
Monte Cassino,2020,Nov,975,975.467,975.467,1,1
Monte Cassino,2020,Dec,587,587.484,587.484,1,1
Monte Cassino,2021,Jan,436,435.774,435.774,1,1
Monte Cassino,2021,Feb,491,491.286,491.286,1,1
Monte Cassino,2021,Mar,908,908.29,908.29,1,1
Monte Cassino,2021,Apr,1207,1207.333,1207.333,1,1
Monte Cassino,2021,May,1895,1895.194,1895.194,1,1
Monte Cassino,2021,Jun,2757,2756.567,2756.567,1,1
Monte Cassino,2021,Jul,2419,2418.871,2418.871,1,1
Monte Cassino,2021,Aug,1976,1976.161,1976.161,1,1
Monte Cassino,2021,Sep,1943,1942.8,1942.8,1,1
Monte Cassino,2021,Oct,1500,1500.387,1500.387,1,1
Monte Cassino,2021,Nov,958,957.967,957.967,1,1
Monte Cassino,2021,Dec,483,482.968,482.968,1,1
Monte Cassino,2022,Jan,399,399.387,399.387,1,1
Monte Cassino,2022,Feb,586,585.893,585.893,1,1
Monte Cassino,2022,Mar,1128,1127.935,1127.935,1,1
Monte Cassino,2022,Apr,1163,1163.367,1163.367,1,1
Monte Cassino,2022,May,2547,2546.742,2546.742,1,1
Monte Cassino,2022,Jun,2784,2784.467,2784.467,1,1
Monte Cassino,2022,Jul,2344,2344.387,2344.387,1,1
Monte Cassino,2022,Aug,2528,2528.097,2528.097,1,1
Monte Cassino,2022,Sep,1679,1679.033,1679.033,1,1
Monte Cassino,2022,Oct,1600,1599.786,1599.786,1,1
Monte Cassino,2022,Nov,,,,1,1
Monte Cassino,2022,Dec,,,,1,1
Niepołomska,2016,Jan,,,,1,1
Niepołomska,2016,Feb,,,,1,1
Niepołomska,2016,Mar,,,,1,1
Niepołomska,2016,Apr,,,,1,1
Niepołomska,2016,May,,,,1,1
Niepołomska,2016,Jun,,,,1,1
Niepołomska,2016,Jul,,,,1,1
Niepołomska,2016,Aug,,,,1,1
Niepołomska,2016,Sep,,,,1,1
Niepołomska,2016,Oct,,,,1,1
Niepołomska,2016,Nov,,,,1,1
Niepołomska,2016,Dec,,,,1,1
Niepołomska,2017,Jan,,,,1,1
Niepołomska,2017,Feb,,,,1,1
Niepołomska,2017,Mar,,,,1,1
Niepołomska,2017,Apr,,,,1,1
Niepołomska,2017,May,,,,1,1
Niepołomska,2017,Jun,,,,1,1
Niepołomska,2017,Jul,,,,1,1
Niepołomska,2017,Aug,,,,1,1
Niepołomska,2017,Sep,,,,1,1
Niepołomska,2017,Oct,,,,1,1
Niepołomska,2017,Nov,,,,1,1
Niepołomska,2017,Dec,,,,1,1
Niepołomska,2018,Jan,,,,1,1
Niepołomska,2018,Feb,,,,1,1
Niepołomska,2018,Mar,,,,1,1
Niepołomska,2018,Apr,,,,1,1
Niepołomska,2018,May,,,,1,1
Niepołomska,2018,Jun,,,,1,1
Niepołomska,2018,Jul,,,,1,1
Niepołomska,2018,Aug,,,,1,1
Niepołomska,2018,Sep,,,,1,1
Niepołomska,2018,Oct,,,,1,1
Niepołomska,2018,Nov,,,,1,1
Niepołomska,2018,Dec,,,,1,1
Niepołomska,2019,Jan,,,,1,1
Niepołomska,2019,Feb,,,,1,1
Niepołomska,2019,Mar,,,,1,1
Niepołomska,2019,Apr,,,,1,1
Niepołomska,2019,May,,,,1,1
Niepołomska,2019,Jun,,,,1,1
Niepołomska,2019,Jul,,,,1,1
Niepołomska,2019,Aug,,,,1,1
Niepołomska,2019,Sep,,,,1,1
Niepołomska,2019,Oct,,,,1,1
Niepołomska,2019,Nov,,,,1,1
Niepołomska,2019,Dec,,,,1,1
Niepołomska,2020,Jan,,,,1,1
Niepołomska,2020,Feb,,,,1,1
Niepołomska,2020,Mar,,,,1,1
Niepołomska,2020,Apr,,,,1,1
Niepołomska,2020,May,,,,1,1
Niepołomska,2020,Jun,,,,1,1
Niepołomska,2020,Jul,,,,1,1
Niepołomska,2020,Aug,,,,1,1
Niepołomska,2020,Sep,,,,1,1
Niepołomska,2020,Oct,,,,1,1
Niepołomska,2020,Nov,,,,1,1
Niepołomska,2020,Dec,170,170.2,170.2,1,1
Niepołomska,2021,Jan,144,144.29,144.29,1,1
Niepołomska,2021,Feb,198,198.429,198.429,1,1
Niepołomska,2021,Mar,503,503.097,503.097,1,1
Niepołomska,2021,Apr,926,926.367,926.367,1,1
Niepołomska,2021,May,1294,1294.387,1294.387,1,1
Niepołomska,2021,Jun,1670,1669.933,1669.933,1,1
Niepołomska,2021,Jul,1441,1440.871,1440.871,1,1
Niepołomska,2021,Aug,1193,1192.774,1192.774,1,1
Niepołomska,2021,Sep,1050,1050,1050,1,1
Niepołomska,2021,Oct,741,741.032,741.032,1,1
Niepołomska,2021,Nov,344,343.967,343.967,1,1
Niepołomska,2021,Dec,107,106.903,106.903,1,1
Niepołomska,2022,Jan,122,122.065,122.065,1,1
Niepołomska,2022,Feb,154,153.821,153.821,1,1
Niepołomska,2022,Mar,542,541.742,541.742,1,1
Niepołomska,2022,Apr,580,580.2,580.2,1,1
Niepołomska,2022,May,1624,1624.194,1624.194,1,1
Niepołomska,2022,Jun,1584,1583.867,1583.867,1,1
Niepołomska,2022,Jul,1312,1312.355,1312.355,1,1
Niepołomska,2022,Aug,1429,1428.871,1428.871,1,1
Niepołomska,2022,Sep,720,720.033,720.033,1,1
Niepołomska,2022,Oct,732,731.714,731.714,1,1
Niepołomska,2022,Nov,,,,1,1
Niepołomska,2022,Dec,,,,1,1
Nowohucka,2016,Jan,,,,1,1
Nowohucka,2016,Feb,,,,1,1
Nowohucka,2016,Mar,,,,1,1
Nowohucka,2016,Apr,,,,1,1
Nowohucka,2016,May,,,,1,1
Nowohucka,2016,Jun,,,,1,1
Nowohucka,2016,Jul,,,,1,1
Nowohucka,2016,Aug,,,,1,1
Nowohucka,2016,Sep,,,,1,1
Nowohucka,2016,Oct,,,,1,1
Nowohucka,2016,Nov,,,,1,1
Nowohucka,2016,Dec,,,,1,1
Nowohucka,2017,Jan,,,,1,1
Nowohucka,2017,Feb,,,,1,1
Nowohucka,2017,Mar,,,,1,1
Nowohucka,2017,Apr,,,,1,1
Nowohucka,2017,May,,,,1,1
Nowohucka,2017,Jun,,,,1,1
Nowohucka,2017,Jul,,,,1,1
Nowohucka,2017,Aug,,,,1,1
Nowohucka,2017,Sep,,,,1,1
Nowohucka,2017,Oct,,,,1,1
Nowohucka,2017,Nov,,,,1,1
Nowohucka,2017,Dec,,,,1,1
Nowohucka,2018,Jan,,,,1,1
Nowohucka,2018,Feb,,,,1,1
Nowohucka,2018,Mar,,,,1,1
Nowohucka,2018,Apr,,,,1,1
Nowohucka,2018,May,,,,1,1
Nowohucka,2018,Jun,,,,1,1
Nowohucka,2018,Jul,638,638.077,638.077,1,1
Nowohucka,2018,Aug,828,828.484,828.484,1,1
Nowohucka,2018,Sep,683,682.867,682.867,1,1
Nowohucka,2018,Oct,426,425.968,425.968,1,1
Nowohucka,2018,Nov,219,218.7,218.7,1,1
Nowohucka,2018,Dec,94,93.71,93.71,1,1
Nowohucka,2019,Jan,68,67.613,67.613,1,1
Nowohucka,2019,Feb,154,153.964,153.964,1,1
Nowohucka,2019,Mar,301,301.419,301.419,1,1
Nowohucka,2019,Apr,481,480.767,480.767,1,1
Nowohucka,2019,May,531,531.129,531.129,1,1
Nowohucka,2019,Jun,1057,1057.2,1057.2,1,1
Nowohucka,2019,Jul,927,926.774,926.774,1,1
Nowohucka,2019,Aug,871,871.065,871.065,1,1
Nowohucka,2019,Sep,651,651.2,651.2,1,1
Nowohucka,2019,Oct,570,570.387,570.387,1,1
Nowohucka,2019,Nov,291,290.733,290.733,1,1
Nowohucka,2019,Dec,185,185.29,185.29,1,1
Nowohucka,2020,Jan,177,177.032,177.032,1,1
Nowohucka,2020,Feb,187,187,187,1,1
Nowohucka,2020,Mar,273,273.484,273.484,1,1
Nowohucka,2020,Apr,475,474.6,474.6,1,1
Nowohucka,2020,May,719,719.065,719.065,1,1
Nowohucka,2020,Jun,954,954,954,1,1
Nowohucka,2020,Jul,1159,1159,1159,1,1
Nowohucka,2020,Aug,1001,1001.097,1001.097,1,1
Nowohucka,2020,Sep,828,827.567,827.567,1,1
Nowohucka,2020,Oct,452,452.323,452.323,1,1
Nowohucka,2020,Nov,343,343.167,343.167,1,1
Nowohucka,2020,Dec,195,194.935,194.935,1,1
Nowohucka,2021,Jan,140,139.742,139.742,1,1
Nowohucka,2021,Feb,178,178.143,178.143,1,1
Nowohucka,2021,Mar,331,330.645,330.645,1,1
Nowohucka,2021,Apr,473,472.8,472.8,1,1
Nowohucka,2021,May,760,760.484,760.484,1,1
Nowohucka,2021,Jun,1080,1079.933,1079.933,1,1
Nowohucka,2021,Jul,947,946.935,946.935,1,1
Nowohucka,2021,Aug,746,745.645,745.645,1,1
Nowohucka,2021,Sep,680,679.867,679.867,1,1
Nowohucka,2021,Oct,506,505.839,505.839,1,1
Nowohucka,2021,Nov,303,302.6,302.6,1,1
Nowohucka,2021,Dec,146,145.677,145.677,1,1
Nowohucka,2022,Jan,122,122.387,122.387,1,1
Nowohucka,2022,Feb,194,193.643,193.643,1,1
Nowohucka,2022,Mar,405,405,405,1,1
Nowohucka,2022,Apr,427,426.9,426.9,1,1
Nowohucka,2022,May,1091,1091.258,1091.258,1,1
Nowohucka,2022,Jun,1177,1177.133,1177.133,1,1
Nowohucka,2022,Jul,997,997.29,997.29,1,1
Nowohucka,2022,Aug,1074,1074.484,1074.484,1,1
Nowohucka,2022,Sep,687,687.2,687.2,1,1
Nowohucka,2022,Oct,621,620.786,620.786,1,1
Nowohucka,2022,Nov,,,,1,1
Nowohucka,2022,Dec,,,,1,1
Smoleńsk,2016,Jan,,,,1,1
Smoleńsk,2016,Feb,,,,1,1
Smoleńsk,2016,Mar,,,,1,1
Smoleńsk,2016,Apr,,,,1,1
Smoleńsk,2016,May,,,,1,1
Smoleńsk,2016,Jun,,,,1,1
Smoleńsk,2016,Jul,,,,1,1
Smoleńsk,2016,Aug,,,,1,1
Smoleńsk,2016,Sep,,,,1,1
Smoleńsk,2016,Oct,,,,1,1
Smoleńsk,2016,Nov,,,,1,1
Smoleńsk,2016,Dec,,,,1,1
Smoleńsk,2017,Jan,,,,1,1
Smoleńsk,2017,Feb,,,,1,1
Smoleńsk,2017,Mar,,,,1,1
Smoleńsk,2017,Apr,,,,1,1
Smoleńsk,2017,May,,,,1,1
Smoleńsk,2017,Jun,,,,1,1
Smoleńsk,2017,Jul,,,,1,1
Smoleńsk,2017,Aug,,,,1,1
Smoleńsk,2017,Sep,,,,1,1
Smoleńsk,2017,Oct,,,,1,1
Smoleńsk,2017,Nov,357,357.318,357.318,1,1
Smoleńsk,2017,Dec,247,247.323,247.323,1,1
Smoleńsk,2018,Jan,237,236.645,236.645,1,1
Smoleńsk,2018,Feb,183,183.357,183.357,1,1
Smoleńsk,2018,Mar,279,278.968,278.968,1,1
Smoleńsk,2018,Apr,784,784.033,784.033,1,1
Smoleńsk,2018,May,920,920.226,920.226,1,1
Smoleńsk,2018,Jun,921,920.733,920.733,1,1
Smoleńsk,2018,Jul,772,771.742,771.742,1,1
Smoleńsk,2018,Aug,836,835.968,835.968,1,1
Smoleńsk,2018,Sep,818,818.2,818.2,1,1
Smoleńsk,2018,Oct,684,683.806,683.806,1,1
Smoleńsk,2018,Nov,463,463.1,463.1,1,1
Smoleńsk,2018,Dec,256,255.806,255.806,1,1
Smoleńsk,2019,Jan,192,191.806,191.806,1,1
Smoleńsk,2019,Feb,332,332,332,1,1
Smoleńsk,2019,Mar,489,488.935,488.935,1,1
Smoleńsk,2019,Apr,644,644.267,644.267,1,1
Smoleńsk,2019,May,721,720.645,720.645,1,1
Smoleńsk,2019,Jun,1041,1040.767,1040.767,1,1
Smoleńsk,2019,Jul,886,886.323,886.323,1,1
Smoleńsk,2019,Aug,857,857.065,857.065,1,1
Smoleńsk,2019,Sep,840,839.567,839.567,1,1
Smoleńsk,2019,Oct,807,806.903,806.903,1,1
Smoleńsk,2019,Nov,525,524.867,524.867,1,1
Smoleńsk,2019,Dec,390,389.71,389.71,1,1
Smoleńsk,2020,Jan,362,361.677,361.677,1,1
Smoleńsk,2020,Feb,362,361.966,361.966,1,1
Smoleńsk,2020,Mar,361,361.387,361.387,1,1
Smoleńsk,2020,Apr,380,379.867,379.867,1,1
Smoleńsk,2020,May,607,607.387,607.387,1,1
Smoleńsk,2020,Jun,885,885.433,885.433,1,1
Smoleńsk,2020,Jul,999,998.516,998.516,1,1
Smoleńsk,2020,Aug,961,960.645,960.645,1,1
Smoleńsk,2020,Sep,990,990.367,990.367,1,1
Smoleńsk,2020,Oct,701,701.065,701.065,1,1
Smoleńsk,2020,Nov,566,566.067,566.067,1,1
Smoleńsk,2020,Dec,427,426.516,426.516,1,1
Smoleńsk,2021,Jan,319,318.645,318.645,1,1
Smoleńsk,2021,Feb,340,339.679,339.679,1,1
Smoleńsk,2021,Mar,536,536.097,536.097,1,1
Smoleńsk,2021,Apr,601,601.133,601.133,1,1
Smoleńsk,2021,May,880,880.226,880.226,1,1
Smoleńsk,2021,Jun,1184,1184.167,1184.167,1,1
Smoleńsk,2021,Jul,1010,1009.742,1009.742,1,1
Smoleńsk,2021,Aug,833,832.806,832.806,1,1
Smoleńsk,2021,Sep,976,975.8,975.8,1,1
Smoleńsk,2021,Oct,867,866.935,866.935,1,1
Smoleńsk,2021,Nov,661,660.867,660.867,1,1
Smoleńsk,2021,Dec,408,408.419,408.419,1,1
Smoleńsk,2022,Jan,347,347.161,347.161,1,1
Smoleńsk,2022,Feb,447,447,447,1,1
Smoleńsk,2022,Mar,692,691.774,691.774,1,1
Smoleńsk,2022,Apr,696,696.067,696.067,1,1
Smoleńsk,2022,May,1149,1149.323,1149.323,1,1
Smoleńsk,2022,Jun,1196,1195.833,1195.833,1,1
Smoleńsk,2022,Jul,1023,1023,1023,1,1
Smoleńsk,2022,Aug,1014,1013.581,1013.581,1,1
Smoleńsk,2022,Sep,891,890.767,890.767,1,1
Smoleńsk,2022,Oct,901,901.357,901.357,1,1
Smoleńsk,2022,Nov,,,,1,1
Smoleńsk,2022,Dec,,,,1,1
Tyniecka,2016,Jan,,,,1,1
Tyniecka,2016,Feb,,,,1,1
Tyniecka,2016,Mar,,,,1,1
Tyniecka,2016,Apr,,,,1,1
Tyniecka,2016,May,,,,1,1
Tyniecka,2016,Jun,,,,1,1
Tyniecka,2016,Jul,,,,1,1
Tyniecka,2016,Aug,,,,1,1
Tyniecka,2016,Sep,,,,1,1
Tyniecka,2016,Oct,,,,1,1
Tyniecka,2016,Nov,,,,1,1
Tyniecka,2016,Dec,,,,1,1
Tyniecka,2017,Jan,,,,1,1
Tyniecka,2017,Feb,,,,1,1
Tyniecka,2017,Mar,,,,1,1
Tyniecka,2017,Apr,,,,1,1
Tyniecka,2017,May,,,,1,1
Tyniecka,2017,Jun,,,,1,1
Tyniecka,2017,Jul,,,,1,1
Tyniecka,2017,Aug,,,,1,1
Tyniecka,2017,Sep,,,,1,1
Tyniecka,2017,Oct,,,,1,1
Tyniecka,2017,Nov,315,314.563,314.563,1,1
Tyniecka,2017,Dec,210,210.355,210.355,1,1
Tyniecka,2018,Jan,213,212.968,212.968,1,1
Tyniecka,2018,Feb,147,147.071,147.071,1,1
Tyniecka,2018,Mar,419,418.613,418.613,1,1
Tyniecka,2018,Apr,2245,2244.7,2244.7,1,1
Tyniecka,2018,May,2682,2681.806,2681.806,1,1
Tyniecka,2018,Jun,1803,1802.5,1802.5,1,1
Tyniecka,2018,Jul,1916,1916.323,1916.323,1,1
Tyniecka,2018,Aug,2140,2139.677,2139.677,1,1
Tyniecka,2018,Sep,1764,1764.033,1764.033,1,1
Tyniecka,2018,Oct,1022,1021.968,1021.968,1,1
Tyniecka,2018,Nov,500,499.9,499.9,1,1
Tyniecka,2018,Dec,175,175.355,175.355,1,1
Tyniecka,2019,Jan,138,138.129,138.129,1,1
Tyniecka,2019,Feb,421,421.429,421.429,1,1
Tyniecka,2019,Mar,857,856.677,856.677,1,1
Tyniecka,2019,Apr,1184,1184.1,1184.1,1,1
Tyniecka,2019,May,1452,1451.645,1451.645,1,1
Tyniecka,2019,Jun,2618,2618.367,2618.367,1,1
Tyniecka,2019,Jul,2011,2010.548,2010.548,1,1
Tyniecka,2019,Aug,2268,2268.323,2268.323,1,1
Tyniecka,2019,Sep,1588,1587.567,1587.567,1,1
Tyniecka,2019,Oct,1272,1272.065,1272.065,1,1
Tyniecka,2019,Nov,521,520.5,520.5,1,1
Tyniecka,2019,Dec,328,327.903,327.903,1,1
Tyniecka,2020,Jan,294,294.097,294.097,1,1
Tyniecka,2020,Feb,396,396.034,396.034,1,1
Tyniecka,2020,Mar,780,779.806,779.806,1,1
Tyniecka,2020,Apr,993,993.333,993.333,1,1
Tyniecka,2020,May,2139,2139.452,2139.452,1,1
Tyniecka,2020,Jun,2695,2695.367,2695.367,1,1
Tyniecka,2020,Jul,2968,2967.806,2967.806,1,1
Tyniecka,2020,Aug,2915,2914.774,2914.774,1,1
Tyniecka,2020,Sep,2235,2235.1,2235.1,1,1
Tyniecka,2020,Oct,1170,1169.839,1169.839,1,1
Tyniecka,2020,Nov,821,821.267,821.267,1,1
Tyniecka,2020,Dec,362,361.806,361.806,1,1
Tyniecka,2021,Jan,291,291.387,291.387,1,1
Tyniecka,2021,Feb,397,397.071,397.071,1,1
Tyniecka,2021,Mar,858,857.935,857.935,1,1
Tyniecka,2021,Apr,1516,1515.967,1515.967,1,1
Tyniecka,2021,May,2172,2172.194,2172.194,1,1
Tyniecka,2021,Jun,3061,3061.333,3061.333,1,1
Tyniecka,2021,Jul,2546,2545.968,2545.968,1,1
Tyniecka,2021,Aug,2238,2238.097,2238.097,1,1
Tyniecka,2021,Sep,2043,2043.2,2043.2,1,1
Tyniecka,2021,Oct,1455,1454.613,1454.613,1,1
Tyniecka,2021,Nov,685,685.033,685.033,1,1
Tyniecka,2021,Dec,226,226.484,226.484,1,1
Tyniecka,2022,Jan,242,241.548,241.548,1,1
Tyniecka,2022,Feb,403,402.5,402.5,1,1
Tyniecka,2022,Mar,1023,1023,1023,1,1
Tyniecka,2022,Apr,1032,1032.067,1032.067,1,1
Tyniecka,2022,May,2902,2901.71,2901.71,1,1
Tyniecka,2022,Jun,2889,2888.833,2888.833,1,1
Tyniecka,2022,Jul,2460,2459.806,2459.806,1,1
Tyniecka,2022,Aug,2668,2668.194,2668.194,1,1
Tyniecka,2022,Sep,1471,1470.667,1470.667,1,1
Tyniecka,2022,Oct,1530,1530.429,1530.429,1,1
Tyniecka,2022,Nov,,,,1,1
Tyniecka,2022,Dec,,,,1,1
Wadowicka,2016,Jan,,,,1,1
Wadowicka,2016,Feb,,,,1,1
Wadowicka,2016,Mar,,,,1,1
Wadowicka,2016,Apr,,,,1,1
Wadowicka,2016,May,,,,1,1
Wadowicka,2016,Jun,,,,1,1
Wadowicka,2016,Jul,,,,1,1
Wadowicka,2016,Aug,,,,1,1
Wadowicka,2016,Sep,,,,1,1
Wadowicka,2016,Oct,,,,1,1
Wadowicka,2016,Nov,229,229.231,229.231,1,1
Wadowicka,2016,Dec,159,158.516,158.516,1,1
Wadowicka,2017,Jan,79,78.516,78.516,1,1
Wadowicka,2017,Feb,118,118.464,118.464,1,1
Wadowicka,2017,Mar,244,244.355,244.355,1,1
Wadowicka,2017,Apr,257,257.467,257.467,1,1
Wadowicka,2017,May,544,543.548,543.548,1,1
Wadowicka,2017,Jun,804,803.533,803.533,1,1
Wadowicka,2017,Jul,756,755.516,755.516,1,1
Wadowicka,2017,Aug,625,624.645,624.645,1,1
Wadowicka,2017,Sep,476,476.467,476.467,1,1
Wadowicka,2017,Oct,341,340.806,340.806,1,1
Wadowicka,2017,Nov,187,186.5,186.5,1,1
Wadowicka,2017,Dec,136,135.903,135.903,1,1
Wadowicka,2018,Jan,207,206.645,206.645,1,1
Wadowicka,2018,Feb,174,173.607,173.607,1,1
Wadowicka,2018,Mar,374,374.097,374.097,1,1
Wadowicka,2018,Apr,1114,1113.633,1113.633,1,1
Wadowicka,2018,May,1219,1219.161,1219.161,1,1
Wadowicka,2018,Jun,1304,1303.867,1303.867,1,1
Wadowicka,2018,Jul,1428,1427.71,1427.71,1,1
Wadowicka,2018,Aug,1374,1373.613,1373.613,1,1
Wadowicka,2018,Sep,1286,1286.1,1286.1,1,1
Wadowicka,2018,Oct,758,758.387,758.387,1,1
Wadowicka,2018,Nov,599,599.033,599.033,1,1
Wadowicka,2018,Dec,222,222.387,222.387,1,1
Wadowicka,2019,Jan,140,140.484,140.484,1,1
Wadowicka,2019,Feb,323,323.214,323.214,1,1
Wadowicka,2019,Mar,994,993.613,993.613,1,1
Wadowicka,2019,Apr,868,868.033,868.033,1,1
Wadowicka,2019,May,931,930.742,930.742,1,1
Wadowicka,2019,Jun,1472,1471.933,1471.933,1,1
Wadowicka,2019,Jul,1709,1708.581,1708.581,1,1
Wadowicka,2019,Aug,1430,1429.581,1429.581,1,1
Wadowicka,2019,Sep,1084,1084.367,1084.367,1,1
Wadowicka,2019,Oct,747,746.548,746.548,1,1
Wadowicka,2019,Nov,581,581.233,581.233,1,1
Wadowicka,2019,Dec,408,408.419,408.419,1,1
Wadowicka,2020,Jan,404,403.935,403.935,1,1
Wadowicka,2020,Feb,454,454.172,454.172,1,1
Wadowicka,2020,Mar,515,515.032,515.032,1,1
Wadowicka,2020,Apr,565,565,565,1,1
Wadowicka,2020,May,945,944.968,944.968,1,1
Wadowicka,2020,Jun,1204,1203.8,1203.8,1,1
Wadowicka,2020,Jul,1539,1539.452,1539.452,1,1
Wadowicka,2020,Aug,1490,1489.871,1489.871,1,1
Wadowicka,2020,Sep,1626,1626.133,1626.133,1,1
Wadowicka,2020,Oct,842,842.387,842.387,1,1
Wadowicka,2020,Nov,688,688.433,688.433,1,1
Wadowicka,2020,Dec,448,448.258,448.258,1,1
Wadowicka,2021,Jan,355,355.452,355.452,1,1
Wadowicka,2021,Feb,300,299.571,299.571,1,1
Wadowicka,2021,Mar,664,663.581,663.581,1,1
Wadowicka,2021,Apr,799,799,799,1,1
Wadowicka,2021,May,1172,1172.355,1172.355,1,1
Wadowicka,2021,Jun,1741,1741.233,1741.233,1,1
Wadowicka,2021,Jul,1591,1590.871,1590.871,1,1
Wadowicka,2021,Aug,1298,1298.194,1298.194,1,1
Wadowicka,2021,Sep,1319,1319.233,1319.233,1,1
Wadowicka,2021,Oct,1109,1109.258,1109.258,1,1
Wadowicka,2021,Nov,743,742.733,742.733,1,1
Wadowicka,2021,Dec,392,391.742,391.742,1,1
Wadowicka,2022,Jan,320,319.839,319.839,1,1
Wadowicka,2022,Feb,455,454.643,454.643,1,1
Wadowicka,2022,Mar,847,846.839,846.839,1,1
Wadowicka,2022,Apr,797,797.133,797.133,1,1
Wadowicka,2022,May,1527,1526.677,1526.677,1,1
Wadowicka,2022,Jun,1690,1689.867,1689.867,1,1
Wadowicka,2022,Jul,1595,1594.645,1594.645,1,1
Wadowicka,2022,Aug,1827,1827.065,1827.065,1,1
Wadowicka,2022,Sep,1344,1343.933,1343.933,1,1
Wadowicka,2022,Oct,1198,1197.714,1197.714,1,1
Wadowicka,2022,Nov,,,,1,1
Wadowicka,2022,Dec,,,,1,1
Wielicka,2016,Jan,,,,1,1
Wielicka,2016,Feb,,,,1,1
Wielicka,2016,Mar,,,,1,1
Wielicka,2016,Apr,,,,1,1
Wielicka,2016,May,,,,1,1
Wielicka,2016,Jun,,,,1,1
Wielicka,2016,Jul,,,,1,1
Wielicka,2016,Aug,,,,1,1
Wielicka,2016,Sep,,,,1,1
Wielicka,2016,Oct,,,,1,1
Wielicka,2016,Nov,264,263.615,263.615,1,1
Wielicka,2016,Dec,136,136.419,136.419,1,1
Wielicka,2017,Jan,85,85.032,85.032,1,1
Wielicka,2017,Feb,127,127.25,127.25,1,1
Wielicka,2017,Mar,334,334.032,334.032,1,1
Wielicka,2017,Apr,396,395.533,395.533,1,1
Wielicka,2017,May,802,801.581,801.581,1,1
Wielicka,2017,Jun,1194,1194.267,1194.267,1,1
Wielicka,2017,Jul,1096,1096.355,1096.355,1,1
Wielicka,2017,Aug,1078,1078.323,1078.323,1,1
Wielicka,2017,Sep,754,753.667,753.667,1,1
Wielicka,2017,Oct,499,499.194,499.194,1,1
Wielicka,2017,Nov,278,278.4,278.4,1,1
Wielicka,2017,Dec,150,149.516,149.516,1,1
Wielicka,2018,Jan,153,152.935,152.935,1,1
Wielicka,2018,Feb,108,108.393,108.393,1,1
Wielicka,2018,Mar,212,211.581,211.581,1,1
Wielicka,2018,Apr,1039,1039.1,1039.1,1,1
Wielicka,2018,May,1209,1209.032,1209.032,1,1
Wielicka,2018,Jun,1096,1095.733,1095.733,1,1
Wielicka,2018,Jul,1062,1061.871,1061.871,1,1
Wielicka,2018,Aug,1274,1274.161,1274.161,1,1
Wielicka,2018,Sep,1081,1080.867,1080.867,1,1
Wielicka,2018,Oct,797,796.839,796.839,1,1
Wielicka,2018,Nov,463,463.2,463.2,1,1
Wielicka,2018,Dec,222,221.839,221.839,1,1
Wielicka,2019,Jan,157,156.613,156.613,1,1
Wielicka,2019,Feb,327,327.321,327.321,1,1
Wielicka,2019,Mar,575,574.871,574.871,1,1
Wielicka,2019,Apr,915,914.633,914.633,1,1
Wielicka,2019,May,952,951.935,951.935,1,1
Wielicka,2019,Jun,1843,1842.667,1842.667,1,1
Wielicka,2019,Jul,1761,1760.871,1760.871,1,1
Wielicka,2019,Aug,1670,1669.935,1669.935,1,1
Wielicka,2019,Sep,1349,1348.5,1348.5,1,1
Wielicka,2019,Oct,1221,1221.387,1221.387,1,1
Wielicka,2019,Nov,689,689.2,689.2,1,1
Wielicka,2019,Dec,444,443.742,443.742,1,1
Wielicka,2020,Jan,416,416.226,416.226,1,1
Wielicka,2020,Feb,437,436.621,436.621,1,1
Wielicka,2020,Mar,541,541,541,1,1
Wielicka,2020,Apr,718,718.133,718.133,1,1
Wielicka,2020,May,1185,1185.387,1185.387,1,1
Wielicka,2020,Jun,1733,1733,1733,1,1
Wielicka,2020,Jul,2050,2050.484,2050.484,1,1
Wielicka,2020,Aug,1843,1842.548,1842.548,1,1
Wielicka,2020,Sep,1621,1620.833,1620.833,1,1
Wielicka,2020,Oct,934,933.839,933.839,1,1
Wielicka,2020,Nov,688,688.233,688.233,1,1
Wielicka,2020,Dec,423,423.419,423.419,1,1
Wielicka,2021,Jan,312,312.032,312.032,1,1
Wielicka,2021,Feb,360,360.036,360.036,1,1
Wielicka,2021,Mar,656,655.548,655.548,1,1
Wielicka,2021,Apr,855,855,855,1,1
Wielicka,2021,May,1352,1352.29,1352.29,1,1
Wielicka,2021,Jun,1957,1956.5,1956.5,1,1
Wielicka,2021,Jul,1751,1751.419,1751.419,1,1
Wielicka,2021,Aug,1414,1413.935,1413.935,1,1
Wielicka,2021,Sep,1411,1410.833,1410.833,1,1
Wielicka,2021,Oct,1121,1120.645,1120.645,1,1
Wielicka,2021,Nov,712,712.3,712.3,1,1
Wielicka,2021,Dec,347,346.613,346.613,1,1
Wielicka,2022,Jan,297,296.677,296.677,1,1
Wielicka,2022,Feb,412,411.964,411.964,1,1
Wielicka,2022,Mar,823,823.387,823.387,1,1
Wielicka,2022,Apr,857,857.233,857.233,1,1
Wielicka,2022,May,1811,1811.129,1811.129,1,1
Wielicka,2022,Jun,1886,1885.5,1885.5,1,1
Wielicka,2022,Jul,1661,1661.29,1661.29,1,1
Wielicka,2022,Aug,1818,1817.742,1817.742,1,1
Wielicka,2022,Sep,1248,1247.733,1247.733,1,1
Wielicka,2022,Oct,1168,1167.571,1167.571,1,1
Wielicka,2022,Nov,,,,1,1
Wielicka,2022,Dec,,,,1,1
