location,year,month,value,min,max,one
Armii Krajowej,2016,Jan,,,,1.000
Armii Krajowej,2016,Feb,,,,1.000
Armii Krajowej,2016,Mar,,,,1.000
Armii Krajowej,2016,Apr,,,,1.000
Armii Krajowej,2016,May,,,,1.000
Armii Krajowej,2016,Jun,,,,1.000
Armii Krajowej,2016,Jul,,,,1.000
Armii Krajowej,2016,Aug,,,,1.000
Armii Krajowej,2016,Sep,,,,1.000
Armii Krajowej,2016,Oct,,,,1.000
Armii Krajowej,2016,Nov,,,,1.000
Armii Krajowej,2016,Dec,,,,1.000
Armii Krajowej,2017,Jan,,,,1.000
Armii Krajowej,2017,Feb,,,,1.000
Armii Krajowej,2017,Mar,,,,1.000
Armii Krajowej,2017,Apr,,,,1.000
Armii Krajowej,2017,May,,,,1.000
Armii Krajowej,2017,Jun,,,,1.000
Armii Krajowej,2017,Jul,,,,1.000
Armii Krajowej,2017,Aug,,,,1.000
Armii Krajowej,2017,Sep,,,,1.000
Armii Krajowej,2017,Oct,,,,1.000
Armii Krajowej,2017,Nov,,,,1.000
Armii Krajowej,2017,Dec,,,,1.000
Armii Krajowej,2018,Jan,,,,1.000
Armii Krajowej,2018,Feb,,,,1.000
Armii Krajowej,2018,Mar,,,,1.000
Armii Krajowej,2018,Apr,,,,1.000
Armii Krajowej,2018,May,,,,1.000
Armii Krajowej,2018,Jun,,,,1.000
Armii Krajowej,2018,Jul,,,,1.000
Armii Krajowej,2018,Aug,,,,1.000
Armii Krajowej,2018,Sep,,,,1.000
Armii Krajowej,2018,Oct,,,,1.000
Armii Krajowej,2018,Nov,,,,1.000
Armii Krajowej,2018,Dec,,,,1.000
Armii Krajowej,2019,Jan,,,,1.000
Armii Krajowej,2019,Feb,,,,1.000
Armii Krajowej,2019,Mar,,,,1.000
Armii Krajowej,2019,Apr,,,,1.000
Armii Krajowej,2019,May,,,,1.000
Armii Krajowej,2019,Jun,,,,1.000
Armii Krajowej,2019,Jul,,,,1.000
Armii Krajowej,2019,Aug,,,,1.000
Armii Krajowej,2019,Sep,,,,1.000
Armii Krajowej,2019,Oct,,,,1.000
Armii Krajowej,2019,Nov,,,,1.000
Armii Krajowej,2019,Dec,,,,1.000
Armii Krajowej,2020,Jan,,,,1.000
Armii Krajowej,2020,Feb,,,,1.000
Armii Krajowej,2020,Mar,,,,1.000
Armii Krajowej,2020,Apr,,,,1.000
Armii Krajowej,2020,May,,,,1.000
Armii Krajowej,2020,Jun,,,,1.000
Armii Krajowej,2020,Jul,,,,1.000
Armii Krajowej,2020,Aug,,,,1.000
Armii Krajowej,2020,Sep,,,,1.000
Armii Krajowej,2020,Oct,,,,1.000
Armii Krajowej,2020,Nov,,,,1.000
Armii Krajowej,2020,Dec,179.000,179.320,179.320,1.000
Armii Krajowej,2021,Jan,127.000,127.097,127.097,1.000
Armii Krajowej,2021,Feb,143.000,142.714,142.714,1.000
Armii Krajowej,2021,Mar,349.000,349.290,349.290,1.000
Armii Krajowej,2021,Apr,543.000,543.033,543.033,1.000
Armii Krajowej,2021,May,869.000,869.161,869.161,1.000
Armii Krajowej,2021,Jun,1332.000,1332.433,1332.433,1.000
Armii Krajowej,2021,Jul,1127.000,1126.968,1126.968,1.000
Armii Krajowej,2021,Aug,937.000,936.935,936.935,1.000
Armii Krajowej,2021,Sep,888.000,888.000,888.000,1.000
Armii Krajowej,2021,Oct,715.000,715.000,715.000,1.000
Armii Krajowej,2021,Nov,411.000,411.033,411.033,1.000
Armii Krajowej,2021,Dec,170.000,169.677,169.677,1.000
Armii Krajowej,2022,Jan,152.000,152.097,152.097,1.000
Armii Krajowej,2022,Feb,219.000,219.107,219.107,1.000
Armii Krajowej,2022,Mar,488.000,488.194,488.194,1.000
Armii Krajowej,2022,Apr,536.000,535.733,535.733,1.000
Armii Krajowej,2022,May,1312.000,1311.710,1311.710,1.000
Armii Krajowej,2022,Jun,1366.000,1365.933,1365.933,1.000
Armii Krajowej,2022,Jul,1172.000,1172.419,1172.419,1.000
Armii Krajowej,2022,Aug,1248.000,1247.806,1247.806,1.000
Armii Krajowej,2022,Sep,798.000,798.267,798.267,1.000
Armii Krajowej,2022,Oct,795.000,794.500,794.500,1.000
Armii Krajowej,2022,Nov,,,,1.000
Armii Krajowej,2022,Dec,,,,1.000
Bora-Komorowskiego,2016,Jan,,,,1.000
Bora-Komorowskiego,2016,Feb,,,,1.000
Bora-Komorowskiego,2016,Mar,,,,1.000
Bora-Komorowskiego,2016,Apr,,,,1.000
Bora-Komorowskiego,2016,May,,,,1.000
Bora-Komorowskiego,2016,Jun,,,,1.000
Bora-Komorowskiego,2016,Jul,,,,1.000
Bora-Komorowskiego,2016,Aug,,,,1.000
Bora-Komorowskiego,2016,Sep,,,,1.000
Bora-Komorowskiego,2016,Oct,,,,1.000
Bora-Komorowskiego,2016,Nov,,,,1.000
Bora-Komorowskiego,2016,Dec,,,,1.000
Bora-Komorowskiego,2017,Jan,,,,1.000
Bora-Komorowskiego,2017,Feb,,,,1.000
Bora-Komorowskiego,2017,Mar,,,,1.000
Bora-Komorowskiego,2017,Apr,,,,1.000
Bora-Komorowskiego,2017,May,,,,1.000
Bora-Komorowskiego,2017,Jun,,,,1.000
Bora-Komorowskiego,2017,Jul,,,,1.000
Bora-Komorowskiego,2017,Aug,,,,1.000
Bora-Komorowskiego,2017,Sep,,,,1.000
Bora-Komorowskiego,2017,Oct,,,,1.000
Bora-Komorowskiego,2017,Nov,,,,1.000
Bora-Komorowskiego,2017,Dec,,,,1.000
Bora-Komorowskiego,2018,Jan,,,,1.000
Bora-Komorowskiego,2018,Feb,,,,1.000
Bora-Komorowskiego,2018,Mar,,,,1.000
Bora-Komorowskiego,2018,Apr,,,,1.000
Bora-Komorowskiego,2018,May,,,,1.000
Bora-Komorowskiego,2018,Jun,,,,1.000
Bora-Komorowskiego,2018,Jul,904.000,903.538,903.538,1.000
Bora-Komorowskiego,2018,Aug,1180.000,1179.968,1179.968,1.000
Bora-Komorowskiego,2018,Sep,943.000,942.667,942.667,1.000
Bora-Komorowskiego,2018,Oct,603.000,603.129,603.129,1.000
Bora-Komorowskiego,2018,Nov,342.000,341.833,341.833,1.000
Bora-Komorowskiego,2018,Dec,135.000,134.645,134.645,1.000
Bora-Komorowskiego,2019,Jan,95.000,95.419,95.419,1.000
Bora-Komorowskiego,2019,Feb,225.000,224.750,224.750,1.000
Bora-Komorowskiego,2019,Mar,402.000,401.677,401.677,1.000
Bora-Komorowskiego,2019,Apr,630.000,630.033,630.033,1.000
Bora-Komorowskiego,2019,May,689.000,688.613,688.613,1.000
Bora-Komorowskiego,2019,Jun,1403.000,1403.400,1403.400,1.000
Bora-Komorowskiego,2019,Jul,1187.000,1186.677,1186.677,1.000
Bora-Komorowskiego,2019,Aug,1215.000,1215.194,1215.194,1.000
Bora-Komorowskiego,2019,Sep,860.000,859.600,859.600,1.000
Bora-Komorowskiego,2019,Oct,737.000,736.677,736.677,1.000
Bora-Komorowskiego,2019,Nov,383.000,382.567,382.567,1.000
Bora-Komorowskiego,2019,Dec,242.000,241.839,241.839,1.000
Bora-Komorowskiego,2020,Jan,234.000,233.774,233.774,1.000
Bora-Komorowskiego,2020,Feb,238.000,238.448,238.448,1.000
Bora-Komorowskiego,2020,Mar,375.000,374.968,374.968,1.000
Bora-Komorowskiego,2020,Apr,693.000,693.000,693.000,1.000
Bora-Komorowskiego,2020,May,996.000,996.226,996.226,1.000
Bora-Komorowskiego,2020,Jun,1301.000,1301.000,1301.000,1.000
Bora-Komorowskiego,2020,Jul,1486.000,1485.548,1485.548,1.000
Bora-Komorowskiego,2020,Aug,1375.000,1375.323,1375.323,1.000
Bora-Komorowskiego,2020,Sep,1218.000,1217.567,1217.567,1.000
Bora-Komorowskiego,2020,Oct,655.000,655.129,655.129,1.000
Bora-Komorowskiego,2020,Nov,472.000,472.433,472.433,1.000
Bora-Komorowskiego,2020,Dec,267.000,267.194,267.194,1.000
Bora-Komorowskiego,2021,Jan,203.000,203.355,203.355,1.000
Bora-Komorowskiego,2021,Feb,236.000,235.786,235.786,1.000
Bora-Komorowskiego,2021,Mar,465.000,465.355,465.355,1.000
Bora-Komorowskiego,2021,Apr,645.000,644.500,644.500,1.000
Bora-Komorowskiego,2021,May,1037.000,1036.871,1036.871,1.000
Bora-Komorowskiego,2021,Jun,1477.000,1477.200,1477.200,1.000
Bora-Komorowskiego,2021,Jul,1228.000,1228.226,1228.226,1.000
Bora-Komorowskiego,2021,Aug,984.000,984.065,984.065,1.000
Bora-Komorowskiego,2021,Sep,967.000,966.633,966.633,1.000
Bora-Komorowskiego,2021,Oct,722.000,722.161,722.161,1.000
Bora-Komorowskiego,2021,Nov,429.000,428.500,428.500,1.000
Bora-Komorowskiego,2021,Dec,189.000,188.710,188.710,1.000
Bora-Komorowskiego,2022,Jan,164.000,164.000,164.000,1.000
Bora-Komorowskiego,2022,Feb,261.000,261.429,261.429,1.000
Bora-Komorowskiego,2022,Mar,528.000,528.032,528.032,1.000
Bora-Komorowskiego,2022,Apr,573.000,573.067,573.067,1.000
Bora-Komorowskiego,2022,May,1530.000,1530.419,1530.419,1.000
Bora-Komorowskiego,2022,Jun,1568.000,1568.300,1568.300,1.000
Bora-Komorowskiego,2022,Jul,1334.000,1334.258,1334.258,1.000
Bora-Komorowskiego,2022,Aug,1508.000,1507.645,1507.645,1.000
Bora-Komorowskiego,2022,Sep,973.000,973.333,973.333,1.000
Bora-Komorowskiego,2022,Oct,897.000,897.357,897.357,1.000
Bora-Komorowskiego,2022,Nov,,,,1.000
Bora-Komorowskiego,2022,Dec,,,,1.000
Bulwary,2016,Jan,,,,1.000
Bulwary,2016,Feb,,,,1.000
Bulwary,2016,Mar,,,,1.000
Bulwary,2016,Apr,,,,1.000
Bulwary,2016,May,,,,1.000
Bulwary,2016,Jun,,,,1.000
Bulwary,2016,Jul,,,,1.000
Bulwary,2016,Aug,,,,1.000
Bulwary,2016,Sep,,,,1.000
Bulwary,2016,Oct,,,,1.000
Bulwary,2016,Nov,538.000,538.308,538.308,1.000
Bulwary,2016,Dec,254.000,254.355,254.355,1.000
Bulwary,2017,Jan,89.000,89.097,89.097,1.000
Bulwary,2017,Feb,238.000,237.929,237.929,1.000
Bulwary,2017,Mar,855.000,854.935,854.935,1.000
Bulwary,2017,Apr,1082.000,1081.500,1081.500,1.000
Bulwary,2017,May,2158.000,2158.032,2158.032,1.000
Bulwary,2017,Jun,2681.000,2681.467,2681.467,1.000
Bulwary,2017,Jul,2677.000,2677.419,2677.419,1.000
Bulwary,2017,Aug,2625.000,2624.613,2624.613,1.000
Bulwary,2017,Sep,1473.000,1472.967,1472.967,1.000
Bulwary,2017,Oct,1039.000,1038.645,1038.645,1.000
Bulwary,2017,Nov,559.000,558.633,558.633,1.000
Bulwary,2017,Dec,261.000,261.452,261.452,1.000
Bulwary,2018,Jan,264.000,263.903,263.903,1.000
Bulwary,2018,Feb,184.000,183.643,183.643,1.000
Bulwary,2018,Mar,488.000,488.452,488.452,1.000
Bulwary,2018,Apr,2701.000,2701.300,2701.300,1.000
Bulwary,2018,May,3118.000,3117.742,3117.742,1.000
Bulwary,2018,Jun,2558.000,2557.767,2557.767,1.000
Bulwary,2018,Jul,2197.000,2197.161,2197.161,1.000
Bulwary,2018,Aug,2326.000,2326.484,2326.484,1.000
Bulwary,2018,Sep,1955.000,1955.267,1955.267,1.000
Bulwary,2018,Oct,1410.000,1410.065,1410.065,1.000
Bulwary,2018,Nov,710.000,709.533,709.533,1.000
Bulwary,2018,Dec,260.000,259.742,259.742,1.000
Bulwary,2019,Jan,152.000,152.258,152.258,1.000
Bulwary,2019,Feb,558.000,558.286,558.286,1.000
Bulwary,2019,Mar,1162.000,1161.806,1161.806,1.000
Bulwary,2019,Apr,1716.000,1716.100,1716.100,1.000
Bulwary,2019,May,1530.000,1530.419,1530.419,1.000
Bulwary,2019,Jun,2999.000,2999.333,2999.333,1.000
Bulwary,2019,Jul,2530.000,2529.839,2529.839,1.000
Bulwary,2019,Aug,2887.000,2886.516,2886.516,1.000
Bulwary,2019,Sep,2258.000,2257.933,2257.933,1.000
Bulwary,2019,Oct,1851.000,1851.032,1851.032,1.000
Bulwary,2019,Nov,853.000,852.933,852.933,1.000
Bulwary,2019,Dec,522.000,522.355,522.355,1.000
Bulwary,2020,Jan,483.000,482.516,482.516,1.000
Bulwary,2020,Feb,572.000,572.345,572.345,1.000
Bulwary,2020,Mar,883.000,882.839,882.839,1.000
Bulwary,2020,Apr,816.000,816.267,816.267,1.000
Bulwary,2020,May,2366.000,2366.355,2366.355,1.000
Bulwary,2020,Jun,3296.000,3296.033,3296.033,1.000
Bulwary,2020,Jul,3687.000,3687.452,3687.452,1.000
Bulwary,2020,Aug,3377.000,3376.710,3376.710,1.000
Bulwary,2020,Sep,2737.000,2736.733,2736.733,1.000
Bulwary,2020,Oct,1448.000,1448.000,1448.000,1.000
Bulwary,2020,Nov,1031.000,1030.700,1030.700,1.000
Bulwary,2020,Dec,550.000,549.613,549.613,1.000
Bulwary,2021,Jan,368.000,368.452,368.452,1.000
Bulwary,2021,Feb,382.000,382.250,382.250,1.000
Bulwary,2021,Mar,980.000,980.226,980.226,1.000
Bulwary,2021,Apr,1540.000,1540.167,1540.167,1.000
Bulwary,2021,May,2285.000,2284.677,2284.677,1.000
Bulwary,2021,Jun,3129.000,3129.167,3129.167,1.000
Bulwary,2021,Jul,2634.000,2634.323,2634.323,1.000
Bulwary,2021,Aug,2165.000,2165.323,2165.323,1.000
Bulwary,2021,Sep,2011.000,2010.833,2010.833,1.000
Bulwary,2021,Oct,1481.000,1481.290,1481.290,1.000
Bulwary,2021,Nov,762.000,761.600,761.600,1.000
Bulwary,2021,Dec,291.000,290.581,290.581,1.000
Bulwary,2022,Jan,292.000,292.000,292.000,1.000
Bulwary,2022,Feb,516.000,516.000,516.000,1.000
Bulwary,2022,Mar,1150.000,1150.000,1150.000,1.000
Bulwary,2022,Apr,1192.000,1191.933,1191.933,1.000
Bulwary,2022,May,2969.000,2969.419,2969.419,1.000
Bulwary,2022,Jun,3231.000,3231.300,3231.300,1.000
Bulwary,2022,Jul,2789.000,2789.097,2789.097,1.000
Bulwary,2022,Aug,2980.000,2980.000,2980.000,1.000
Bulwary,2022,Sep,1660.000,1659.700,1659.700,1.000
Bulwary,2022,Oct,1672.000,1672.357,1672.357,1.000
Bulwary,2022,Nov,,,,1.000
Bulwary,2022,Dec,,,,1.000
Dworzec,2016,Jan,,,,1.000
Dworzec,2016,Feb,,,,1.000
Dworzec,2016,Mar,,,,1.000
Dworzec,2016,Apr,,,,1.000
Dworzec,2016,May,,,,1.000
Dworzec,2016,Jun,,,,1.000
Dworzec,2016,Jul,,,,1.000
Dworzec,2016,Aug,,,,1.000
Dworzec,2016,Sep,,,,1.000
Dworzec,2016,Oct,,,,1.000
Dworzec,2016,Nov,,,,1.000
Dworzec,2016,Dec,,,,1.000
Dworzec,2017,Jan,,,,1.000
Dworzec,2017,Feb,,,,1.000
Dworzec,2017,Mar,,,,1.000
Dworzec,2017,Apr,,,,1.000
Dworzec,2017,May,,,,1.000
Dworzec,2017,Jun,,,,1.000
Dworzec,2017,Jul,,,,1.000
Dworzec,2017,Aug,,,,1.000
Dworzec,2017,Sep,,,,1.000
Dworzec,2017,Oct,,,,1.000
Dworzec,2017,Nov,406.000,406.200,406.200,1.000
Dworzec,2017,Dec,267.000,266.871,266.871,1.000
Dworzec,2018,Jan,281.000,281.097,281.097,1.000
Dworzec,2018,Feb,218.000,218.393,218.393,1.000
Dworzec,2018,Mar,341.000,340.903,340.903,1.000
Dworzec,2018,Apr,1179.000,1179.200,1179.200,1.000
Dworzec,2018,May,1397.000,1396.581,1396.581,1.000
Dworzec,2018,Jun,1387.000,1387.400,1387.400,1.000
Dworzec,2018,Jul,1216.000,1215.871,1215.871,1.000
Dworzec,2018,Aug,1348.000,1348.065,1348.065,1.000
Dworzec,2018,Sep,1214.000,1213.600,1213.600,1.000
Dworzec,2018,Oct,932.000,931.710,931.710,1.000
Dworzec,2018,Nov,583.000,583.167,583.167,1.000
Dworzec,2018,Dec,267.000,267.129,267.129,1.000
Dworzec,2019,Jan,163.000,163.452,163.452,1.000
Dworzec,2019,Feb,315.000,315.071,315.071,1.000
Dworzec,2019,Mar,459.000,459.129,459.129,1.000
Dworzec,2019,Apr,903.000,902.733,902.733,1.000
Dworzec,2019,May,942.000,942.161,942.161,1.000
Dworzec,2019,Jun,1666.000,1666.100,1666.100,1.000
Dworzec,2019,Jul,1535.000,1535.097,1535.097,1.000
Dworzec,2019,Aug,1373.000,1373.161,1373.161,1.000
Dworzec,2019,Sep,1213.000,1212.700,1212.700,1.000
Dworzec,2019,Oct,1146.000,1146.419,1146.419,1.000
Dworzec,2019,Nov,680.000,680.000,680.000,1.000
Dworzec,2019,Dec,461.000,460.645,460.645,1.000
Dworzec,2020,Jan,466.000,465.774,465.774,1.000
Dworzec,2020,Feb,475.000,474.828,474.828,1.000
Dworzec,2020,Mar,482.000,481.839,481.839,1.000
Dworzec,2020,Apr,524.000,524.267,524.267,1.000
Dworzec,2020,May,877.000,877.290,877.290,1.000
Dworzec,2020,Jun,1311.000,1310.733,1310.733,1.000
Dworzec,2020,Jul,1644.000,1643.871,1643.871,1.000
Dworzec,2020,Aug,1525.000,1524.968,1524.968,1.000
Dworzec,2020,Sep,1516.000,1515.733,1515.733,1.000
Dworzec,2020,Oct,989.000,988.774,988.774,1.000
Dworzec,2020,Nov,776.000,775.767,775.767,1.000
Dworzec,2020,Dec,558.000,558.452,558.452,1.000
Dworzec,2021,Jan,411.000,410.677,410.677,1.000
Dworzec,2021,Feb,423.000,422.786,422.786,1.000
Dworzec,2021,Mar,778.000,778.194,778.194,1.000
Dworzec,2021,Apr,870.000,869.867,869.867,1.000
Dworzec,2021,May,1352.000,1352.290,1352.290,1.000
Dworzec,2021,Jun,1903.000,1902.800,1902.800,1.000
Dworzec,2021,Jul,1740.000,1739.774,1739.774,1.000
Dworzec,2021,Aug,1395.000,1395.355,1395.355,1.000
Dworzec,2021,Sep,1446.000,1446.100,1446.100,1.000
Dworzec,2021,Oct,1337.000,1336.903,1336.903,1.000
Dworzec,2021,Nov,947.000,946.633,946.633,1.000
Dworzec,2021,Dec,543.000,542.968,542.968,1.000
Dworzec,2022,Jan,480.000,480.000,480.000,1.000
Dworzec,2022,Feb,635.000,635.286,635.286,1.000
Dworzec,2022,Mar,1049.000,1048.677,1048.677,1.000
Dworzec,2022,Apr,1066.000,1065.567,1065.567,1.000
Dworzec,2022,May,2116.000,2116.226,2116.226,1.000
Dworzec,2022,Jun,2273.000,2273.433,2273.433,1.000
Dworzec,2022,Jul,2040.000,2040.000,2040.000,1.000
Dworzec,2022,Aug,2132.000,2131.903,2131.903,1.000
Dworzec,2022,Sep,1725.000,1725.433,1725.433,1.000
Dworzec,2022,Oct,1635.000,1634.714,1634.714,1.000
Dworzec,2022,Nov,,,,1.000
Dworzec,2022,Dec,,,,1.000
Grzegórzecka,2016,Jan,,,,1.000
Grzegórzecka,2016,Feb,,,,1.000
Grzegórzecka,2016,Mar,,,,1.000
Grzegórzecka,2016,Apr,,,,1.000
Grzegórzecka,2016,May,,,,1.000
Grzegórzecka,2016,Jun,,,,1.000
Grzegórzecka,2016,Jul,,,,1.000
Grzegórzecka,2016,Aug,,,,1.000
Grzegórzecka,2016,Sep,,,,1.000
Grzegórzecka,2016,Oct,,,,1.000
Grzegórzecka,2016,Nov,,,,1.000
Grzegórzecka,2016,Dec,,,,1.000
Grzegórzecka,2017,Jan,,,,1.000
Grzegórzecka,2017,Feb,,,,1.000
Grzegórzecka,2017,Mar,,,,1.000
Grzegórzecka,2017,Apr,,,,1.000
Grzegórzecka,2017,May,,,,1.000
Grzegórzecka,2017,Jun,,,,1.000
Grzegórzecka,2017,Jul,,,,1.000
Grzegórzecka,2017,Aug,,,,1.000
Grzegórzecka,2017,Sep,,,,1.000
Grzegórzecka,2017,Oct,,,,1.000
Grzegórzecka,2017,Nov,,,,1.000
Grzegórzecka,2017,Dec,,,,1.000
Grzegórzecka,2018,Jan,,,,1.000
Grzegórzecka,2018,Feb,,,,1.000
Grzegórzecka,2018,Mar,,,,1.000
Grzegórzecka,2018,Apr,,,,1.000
Grzegórzecka,2018,May,,,,1.000
Grzegórzecka,2018,Jun,,,,1.000
Grzegórzecka,2018,Jul,,,,1.000
Grzegórzecka,2018,Aug,,,,1.000
Grzegórzecka,2018,Sep,,,,1.000
Grzegórzecka,2018,Oct,,,,1.000
Grzegórzecka,2018,Nov,,,,1.000
Grzegórzecka,2018,Dec,,,,1.000
Grzegórzecka,2019,Jan,,,,1.000
Grzegórzecka,2019,Feb,,,,1.000
Grzegórzecka,2019,Mar,,,,1.000
Grzegórzecka,2019,Apr,,,,1.000
Grzegórzecka,2019,May,,,,1.000
Grzegórzecka,2019,Jun,,,,1.000
Grzegórzecka,2019,Jul,,,,1.000
Grzegórzecka,2019,Aug,,,,1.000
Grzegórzecka,2019,Sep,,,,1.000
Grzegórzecka,2019,Oct,,,,1.000
Grzegórzecka,2019,Nov,,,,1.000
Grzegórzecka,2019,Dec,,,,1.000
Grzegórzecka,2020,Jan,,,,1.000
Grzegórzecka,2020,Feb,,,,1.000
Grzegórzecka,2020,Mar,,,,1.000
Grzegórzecka,2020,Apr,,,,1.000
Grzegórzecka,2020,May,,,,1.000
Grzegórzecka,2020,Jun,,,,1.000
Grzegórzecka,2020,Jul,,,,1.000
Grzegórzecka,2020,Aug,,,,1.000
Grzegórzecka,2020,Sep,,,,1.000
Grzegórzecka,2020,Oct,,,,1.000
Grzegórzecka,2020,Nov,,,,1.000
Grzegórzecka,2020,Dec,741.000,741.040,741.040,1.000
Grzegórzecka,2021,Jan,717.000,716.774,716.774,1.000
Grzegórzecka,2021,Feb,758.000,758.250,758.250,1.000
Grzegórzecka,2021,Mar,1125.000,1124.774,1124.774,1.000
Grzegórzecka,2021,Apr,1231.000,1231.300,1231.300,1.000
Grzegórzecka,2021,May,1771.000,1771.484,1771.484,1.000
Grzegórzecka,2021,Jun,2410.000,2409.700,2409.700,1.000
Grzegórzecka,2021,Jul,2169.000,2169.258,2169.258,1.000
Grzegórzecka,2021,Aug,1790.000,1790.387,1790.387,1.000
Grzegórzecka,2021,Sep,1758.000,1758.033,1758.033,1.000
Grzegórzecka,2021,Oct,1543.000,1543.355,1543.355,1.000
Grzegórzecka,2021,Nov,1121.000,1120.533,1120.533,1.000
Grzegórzecka,2021,Dec,691.000,690.548,690.548,1.000
Grzegórzecka,2022,Jan,568.000,567.677,567.677,1.000
Grzegórzecka,2022,Feb,765.000,764.929,764.929,1.000
Grzegórzecka,2022,Mar,1152.000,1151.935,1151.935,1.000
Grzegórzecka,2022,Apr,1153.000,1152.867,1152.867,1.000
Grzegórzecka,2022,May,2086.000,2086.194,2086.194,1.000
Grzegórzecka,2022,Jun,2269.000,2269.333,2269.333,1.000
Grzegórzecka,2022,Jul,2063.000,2062.677,2062.677,1.000
Grzegórzecka,2022,Aug,2221.000,2220.548,2220.548,1.000
Grzegórzecka,2022,Sep,1770.000,1769.800,1769.800,1.000
Grzegórzecka,2022,Oct,1711.000,1710.929,1710.929,1.000
Grzegórzecka,2022,Nov,,,,1.000
Grzegórzecka,2022,Dec,,,,1.000
Kamieńskiego,2016,Jan,,,,1.000
Kamieńskiego,2016,Feb,,,,1.000
Kamieńskiego,2016,Mar,,,,1.000
Kamieńskiego,2016,Apr,,,,1.000
Kamieńskiego,2016,May,,,,1.000
Kamieńskiego,2016,Jun,,,,1.000
Kamieńskiego,2016,Jul,,,,1.000
Kamieńskiego,2016,Aug,,,,1.000
Kamieńskiego,2016,Sep,,,,1.000
Kamieńskiego,2016,Oct,,,,1.000
Kamieńskiego,2016,Nov,,,,1.000
Kamieńskiego,2016,Dec,,,,1.000
Kamieńskiego,2017,Jan,,,,1.000
Kamieńskiego,2017,Feb,,,,1.000
Kamieńskiego,2017,Mar,,,,1.000
Kamieńskiego,2017,Apr,,,,1.000
Kamieńskiego,2017,May,,,,1.000
Kamieńskiego,2017,Jun,,,,1.000
Kamieńskiego,2017,Jul,,,,1.000
Kamieńskiego,2017,Aug,,,,1.000
Kamieńskiego,2017,Sep,,,,1.000
Kamieńskiego,2017,Oct,,,,1.000
Kamieńskiego,2017,Nov,,,,1.000
Kamieńskiego,2017,Dec,,,,1.000
Kamieńskiego,2018,Jan,,,,1.000
Kamieńskiego,2018,Feb,,,,1.000
Kamieńskiego,2018,Mar,,,,1.000
Kamieńskiego,2018,Apr,,,,1.000
Kamieńskiego,2018,May,,,,1.000
Kamieńskiego,2018,Jun,,,,1.000
Kamieńskiego,2018,Jul,,,,1.000
Kamieńskiego,2018,Aug,,,,1.000
Kamieńskiego,2018,Sep,,,,1.000
Kamieńskiego,2018,Oct,,,,1.000
Kamieńskiego,2018,Nov,,,,1.000
Kamieńskiego,2018,Dec,,,,1.000
Kamieńskiego,2019,Jan,,,,1.000
Kamieńskiego,2019,Feb,,,,1.000
Kamieńskiego,2019,Mar,,,,1.000
Kamieńskiego,2019,Apr,,,,1.000
Kamieńskiego,2019,May,,,,1.000
Kamieńskiego,2019,Jun,,,,1.000
Kamieńskiego,2019,Jul,,,,1.000
Kamieńskiego,2019,Aug,,,,1.000
Kamieńskiego,2019,Sep,,,,1.000
Kamieńskiego,2019,Oct,,,,1.000
Kamieńskiego,2019,Nov,,,,1.000
Kamieńskiego,2019,Dec,,,,1.000
Kamieńskiego,2020,Jan,,,,1.000
Kamieńskiego,2020,Feb,,,,1.000
Kamieńskiego,2020,Mar,,,,1.000
Kamieńskiego,2020,Apr,,,,1.000
Kamieńskiego,2020,May,,,,1.000
Kamieńskiego,2020,Jun,,,,1.000
Kamieńskiego,2020,Jul,,,,1.000
Kamieńskiego,2020,Aug,,,,1.000
Kamieńskiego,2020,Sep,,,,1.000
Kamieńskiego,2020,Oct,,,,1.000
Kamieńskiego,2020,Nov,,,,1.000
Kamieńskiego,2020,Dec,181.000,180.609,180.609,1.000
Kamieńskiego,2021,Jan,125.000,124.774,124.774,1.000
Kamieńskiego,2021,Feb,161.000,161.250,161.250,1.000
Kamieńskiego,2021,Mar,386.000,386.355,386.355,1.000
Kamieńskiego,2021,Apr,598.000,597.567,597.567,1.000
Kamieńskiego,2021,May,974.000,973.516,973.516,1.000
Kamieńskiego,2021,Jun,1356.000,1356.400,1356.400,1.000
Kamieńskiego,2021,Jul,1178.000,1178.065,1178.065,1.000
Kamieńskiego,2021,Aug,981.000,981.290,981.290,1.000
Kamieńskiego,2021,Sep,979.000,979.233,979.233,1.000
Kamieńskiego,2021,Oct,757.000,756.516,756.516,1.000
Kamieńskiego,2021,Nov,446.000,445.933,445.933,1.000
Kamieńskiego,2021,Dec,201.000,200.774,200.774,1.000
Kamieńskiego,2022,Jan,153.000,153.452,153.452,1.000
Kamieńskiego,2022,Feb,261.000,260.500,260.500,1.000
Kamieńskiego,2022,Mar,545.000,544.710,544.710,1.000
Kamieńskiego,2022,Apr,581.000,580.500,580.500,1.000
Kamieńskiego,2022,May,1417.000,1416.548,1416.548,1.000
Kamieńskiego,2022,Jun,1478.000,1478.100,1478.100,1.000
Kamieńskiego,2022,Jul,1270.000,1270.258,1270.258,1.000
Kamieńskiego,2022,Aug,1418.000,1418.129,1418.129,1.000
Kamieńskiego,2022,Sep,961.000,961.000,961.000,1.000
Kamieńskiego,2022,Oct,905.000,904.857,904.857,1.000
Kamieńskiego,2022,Nov,,,,1.000
Kamieńskiego,2022,Dec,,,,1.000
Klimeckiego,2016,Jan,,,,1.000
Klimeckiego,2016,Feb,,,,1.000
Klimeckiego,2016,Mar,,,,1.000
Klimeckiego,2016,Apr,,,,1.000
Klimeckiego,2016,May,,,,1.000
Klimeckiego,2016,Jun,,,,1.000
Klimeckiego,2016,Jul,,,,1.000
Klimeckiego,2016,Aug,,,,1.000
Klimeckiego,2016,Sep,,,,1.000
Klimeckiego,2016,Oct,,,,1.000
Klimeckiego,2016,Nov,,,,1.000
Klimeckiego,2016,Dec,,,,1.000
Klimeckiego,2017,Jan,,,,1.000
Klimeckiego,2017,Feb,,,,1.000
Klimeckiego,2017,Mar,,,,1.000
Klimeckiego,2017,Apr,,,,1.000
Klimeckiego,2017,May,,,,1.000
Klimeckiego,2017,Jun,,,,1.000
Klimeckiego,2017,Jul,,,,1.000
Klimeckiego,2017,Aug,,,,1.000
Klimeckiego,2017,Sep,,,,1.000
Klimeckiego,2017,Oct,,,,1.000
Klimeckiego,2017,Nov,,,,1.000
Klimeckiego,2017,Dec,,,,1.000
Klimeckiego,2018,Jan,,,,1.000
Klimeckiego,2018,Feb,,,,1.000
Klimeckiego,2018,Mar,,,,1.000
Klimeckiego,2018,Apr,,,,1.000
Klimeckiego,2018,May,,,,1.000
Klimeckiego,2018,Jun,,,,1.000
Klimeckiego,2018,Jul,1498.000,1497.852,1497.852,1.000
Klimeckiego,2018,Aug,1813.000,1812.774,1812.774,1.000
Klimeckiego,2018,Sep,1413.000,1412.967,1412.967,1.000
Klimeckiego,2018,Oct,866.000,866.129,866.129,1.000
Klimeckiego,2018,Nov,501.000,500.600,500.600,1.000
Klimeckiego,2018,Dec,218.000,217.710,217.710,1.000
Klimeckiego,2019,Jan,165.000,164.710,164.710,1.000
Klimeckiego,2019,Feb,349.000,348.500,348.500,1.000
Klimeckiego,2019,Mar,621.000,620.806,620.806,1.000
Klimeckiego,2019,Apr,997.000,996.867,996.867,1.000
Klimeckiego,2019,May,1055.000,1055.065,1055.065,1.000
Klimeckiego,2019,Jun,2198.000,2197.500,2197.500,1.000
Klimeckiego,2019,Jul,1889.000,1889.129,1889.129,1.000
Klimeckiego,2019,Aug,1611.000,1611.258,1611.258,1.000
Klimeckiego,2019,Sep,1338.000,1338.400,1338.400,1.000
Klimeckiego,2019,Oct,1166.000,1165.839,1165.839,1.000
Klimeckiego,2019,Nov,646.000,646.100,646.100,1.000
Klimeckiego,2019,Dec,410.000,410.355,410.355,1.000
Klimeckiego,2020,Jan,402.000,401.677,401.677,1.000
Klimeckiego,2020,Feb,411.000,411.103,411.103,1.000
Klimeckiego,2020,Mar,517.000,517.097,517.097,1.000
Klimeckiego,2020,Apr,730.000,729.833,729.833,1.000
Klimeckiego,2020,May,1210.000,1210.355,1210.355,1.000
Klimeckiego,2020,Jun,1751.000,1751.400,1751.400,1.000
Klimeckiego,2020,Jul,2229.000,2228.581,2228.581,1.000
Klimeckiego,2020,Aug,2072.000,2071.516,2071.516,1.000
Klimeckiego,2020,Sep,1664.000,1664.200,1664.200,1.000
Klimeckiego,2020,Oct,886.000,885.581,885.581,1.000
Klimeckiego,2020,Nov,670.000,670.267,670.267,1.000
Klimeckiego,2020,Dec,410.000,409.548,409.548,1.000
Klimeckiego,2021,Jan,303.000,302.581,302.581,1.000
Klimeckiego,2021,Feb,346.000,345.893,345.893,1.000
Klimeckiego,2021,Mar,650.000,650.355,650.355,1.000
Klimeckiego,2021,Apr,853.000,853.367,853.367,1.000
Klimeckiego,2021,May,1405.000,1405.129,1405.129,1.000
Klimeckiego,2021,Jun,2199.000,2198.633,2198.633,1.000
Klimeckiego,2021,Jul,1906.000,1905.645,1905.645,1.000
Klimeckiego,2021,Aug,1496.000,1495.677,1495.677,1.000
Klimeckiego,2021,Sep,1421.000,1420.800,1420.800,1.000
Klimeckiego,2021,Oct,1049.000,1049.194,1049.194,1.000
Klimeckiego,2021,Nov,652.000,652.400,652.400,1.000
Klimeckiego,2021,Dec,335.000,335.484,335.484,1.000
Klimeckiego,2022,Jan,283.000,283.419,283.419,1.000
Klimeckiego,2022,Feb,403.000,402.607,402.607,1.000
Klimeckiego,2022,Mar,785.000,784.548,784.548,1.000
Klimeckiego,2022,Apr,799.000,798.767,798.767,1.000
Klimeckiego,2022,May,1905.000,1904.839,1904.839,1.000
Klimeckiego,2022,Jun,2172.000,2172.033,2172.033,1.000
Klimeckiego,2022,Jul,1941.000,1941.000,1941.000,1.000
Klimeckiego,2022,Aug,2041.000,2040.581,2040.581,1.000
Klimeckiego,2022,Sep,1309.000,1308.567,1308.567,1.000
Klimeckiego,2022,Oct,1196.000,1196.429,1196.429,1.000
Klimeckiego,2022,Nov,,,,1.000
Klimeckiego,2022,Dec,,,,1.000
Kopernika,2016,Jan,,,,1.000
Kopernika,2016,Feb,,,,1.000
Kopernika,2016,Mar,,,,1.000
Kopernika,2016,Apr,,,,1.000
Kopernika,2016,May,,,,1.000
Kopernika,2016,Jun,,,,1.000
Kopernika,2016,Jul,,,,1.000
Kopernika,2016,Aug,,,,1.000
Kopernika,2016,Sep,,,,1.000
Kopernika,2016,Oct,,,,1.000
Kopernika,2016,Nov,,,,1.000
Kopernika,2016,Dec,,,,1.000
Kopernika,2017,Jan,,,,1.000
Kopernika,2017,Feb,,,,1.000
Kopernika,2017,Mar,,,,1.000
Kopernika,2017,Apr,,,,1.000
Kopernika,2017,May,,,,1.000
Kopernika,2017,Jun,,,,1.000
Kopernika,2017,Jul,,,,1.000
Kopernika,2017,Aug,,,,1.000
Kopernika,2017,Sep,,,,1.000
Kopernika,2017,Oct,,,,1.000
Kopernika,2017,Nov,,,,1.000
Kopernika,2017,Dec,,,,1.000
Kopernika,2018,Jan,,,,1.000
Kopernika,2018,Feb,,,,1.000
Kopernika,2018,Mar,,,,1.000
Kopernika,2018,Apr,,,,1.000
Kopernika,2018,May,,,,1.000
Kopernika,2018,Jun,,,,1.000
Kopernika,2018,Jul,2245.000,2244.720,2244.720,1.000
Kopernika,2018,Aug,2681.000,2681.290,2681.290,1.000
Kopernika,2018,Sep,2355.000,2355.367,2355.367,1.000
Kopernika,2018,Oct,1801.000,1801.065,1801.065,1.000
Kopernika,2018,Nov,1051.000,1051.333,1051.333,1.000
Kopernika,2018,Dec,487.000,486.839,486.839,1.000
Kopernika,2019,Jan,366.000,365.774,365.774,1.000
Kopernika,2019,Feb,677.000,677.071,677.071,1.000
Kopernika,2019,Mar,1199.000,1198.806,1198.806,1.000
Kopernika,2019,Apr,1830.000,1829.933,1829.933,1.000
Kopernika,2019,May,1931.000,1931.484,1931.484,1.000
Kopernika,2019,Jun,3314.000,3313.967,3313.967,1.000
Kopernika,2019,Jul,2995.000,2994.677,2994.677,1.000
Kopernika,2019,Aug,2733.000,2733.258,2733.258,1.000
Kopernika,2019,Sep,2372.000,2372.233,2372.233,1.000
Kopernika,2019,Oct,2249.000,2249.000,2249.000,1.000
Kopernika,2019,Nov,1335.000,1334.967,1334.967,1.000
Kopernika,2019,Dec,869.000,869.290,869.290,1.000
Kopernika,2020,Jan,804.000,804.355,804.355,1.000
Kopernika,2020,Feb,800.000,799.759,799.759,1.000
Kopernika,2020,Mar,907.000,907.129,907.129,1.000
Kopernika,2020,Apr,1144.000,1144.267,1144.267,1.000
Kopernika,2020,May,1863.000,1862.710,1862.710,1.000
Kopernika,2020,Jun,2683.000,2683.400,2683.400,1.000
Kopernika,2020,Jul,3099.000,3098.871,3098.871,1.000
Kopernika,2020,Aug,2776.000,2776.065,2776.065,1.000
Kopernika,2020,Sep,2692.000,2692.067,2692.067,1.000
Kopernika,2020,Oct,1692.000,1692.097,1692.097,1.000
Kopernika,2020,Nov,1296.000,1295.833,1295.833,1.000
Kopernika,2020,Dec,897.000,896.516,896.516,1.000
Kopernika,2021,Jan,686.000,685.839,685.839,1.000
Kopernika,2021,Feb,772.000,771.571,771.571,1.000
Kopernika,2021,Mar,1230.000,1230.194,1230.194,1.000
Kopernika,2021,Apr,1462.000,1462.167,1462.167,1.000
Kopernika,2021,May,2349.000,2348.645,2348.645,1.000
Kopernika,2021,Jun,3269.000,3269.333,3269.333,1.000
Kopernika,2021,Jul,2863.000,2862.742,2862.742,1.000
Kopernika,2021,Aug,2266.000,2265.806,2265.806,1.000
Kopernika,2021,Sep,2414.000,2413.767,2413.767,1.000
Kopernika,2021,Oct,2015.000,2015.323,2015.323,1.000
Kopernika,2021,Nov,1346.000,1346.100,1346.100,1.000
Kopernika,2021,Dec,718.000,718.258,718.258,1.000
Kopernika,2022,Jan,643.000,642.839,642.839,1.000
Kopernika,2022,Feb,835.000,835.179,835.179,1.000
Kopernika,2022,Mar,1488.000,1488.161,1488.161,1.000
Kopernika,2022,Apr,1540.000,1540.367,1540.367,1.000
Kopernika,2022,May,3109.000,3109.484,3109.484,1.000
Kopernika,2022,Jun,3134.000,3134.367,3134.367,1.000
Kopernika,2022,Jul,2651.000,2651.323,2651.323,1.000
Kopernika,2022,Aug,2774.000,2773.516,2773.516,1.000
Kopernika,2022,Sep,2125.000,2124.633,2124.633,1.000
Kopernika,2022,Oct,2032.000,2032.071,2032.071,1.000
Kopernika,2022,Nov,,,,1.000
Kopernika,2022,Dec,,,,1.000
Kotlarska,2016,Jan,,,,1.000
Kotlarska,2016,Feb,,,,1.000
Kotlarska,2016,Mar,,,,1.000
Kotlarska,2016,Apr,,,,1.000
Kotlarska,2016,May,,,,1.000
Kotlarska,2016,Jun,,,,1.000
Kotlarska,2016,Jul,,,,1.000
Kotlarska,2016,Aug,,,,1.000
Kotlarska,2016,Sep,,,,1.000
Kotlarska,2016,Oct,,,,1.000
Kotlarska,2016,Nov,556.000,555.923,555.923,1.000
Kotlarska,2016,Dec,308.000,307.935,307.935,1.000
Kotlarska,2017,Jan,208.000,207.710,207.710,1.000
Kotlarska,2017,Feb,296.000,296.071,296.071,1.000
Kotlarska,2017,Mar,755.000,754.935,754.935,1.000
Kotlarska,2017,Apr,823.000,822.700,822.700,1.000
Kotlarska,2017,May,1724.000,1724.452,1724.452,1.000
Kotlarska,2017,Jun,2671.000,2671.400,2671.400,1.000
Kotlarska,2017,Jul,2502.000,2501.968,2501.968,1.000
Kotlarska,2017,Aug,1704.000,1704.000,1704.000,1.000
Kotlarska,2017,Sep,1093.000,1092.800,1092.800,1.000
Kotlarska,2017,Oct,1184.000,1183.677,1183.677,1.000
Kotlarska,2017,Nov,675.000,675.100,675.100,1.000
Kotlarska,2017,Dec,359.000,358.677,358.677,1.000
Kotlarska,2018,Jan,373.000,373.226,373.226,1.000
Kotlarska,2018,Feb,284.000,284.036,284.036,1.000
Kotlarska,2018,Mar,512.000,511.548,511.548,1.000
Kotlarska,2018,Apr,2294.000,2293.967,2293.967,1.000
Kotlarska,2018,May,2683.000,2683.452,2683.452,1.000
Kotlarska,2018,Jun,1338.000,1337.800,1337.800,1.000
Kotlarska,2018,Jul,2302.000,2301.677,2301.677,1.000
Kotlarska,2018,Aug,2598.000,2598.226,2598.226,1.000
Kotlarska,2018,Sep,2167.000,2167.333,2167.333,1.000
Kotlarska,2018,Oct,1528.000,1527.774,1527.774,1.000
Kotlarska,2018,Nov,896.000,895.767,895.767,1.000
Kotlarska,2018,Dec,396.000,396.000,396.000,1.000
Kotlarska,2019,Jan,306.000,305.806,305.806,1.000
Kotlarska,2019,Feb,628.000,627.571,627.571,1.000
Kotlarska,2019,Mar,1047.000,1046.581,1046.581,1.000
Kotlarska,2019,Apr,1684.000,1683.767,1683.767,1.000
Kotlarska,2019,May,1667.000,1667.258,1667.258,1.000
Kotlarska,2019,Jun,3105.000,3104.800,3104.800,1.000
Kotlarska,2019,Jul,2884.000,2883.871,2883.871,1.000
Kotlarska,2019,Aug,2676.000,2676.387,2676.387,1.000
Kotlarska,2019,Sep,2270.000,2269.900,2269.900,1.000
Kotlarska,2019,Oct,2081.000,2080.581,2080.581,1.000
Kotlarska,2019,Nov,1208.000,1207.967,1207.967,1.000
Kotlarska,2019,Dec,783.000,782.806,782.806,1.000
Kotlarska,2020,Jan,766.000,765.903,765.903,1.000
Kotlarska,2020,Feb,793.000,793.138,793.138,1.000
Kotlarska,2020,Mar,847.000,846.742,846.742,1.000
Kotlarska,2020,Apr,1035.000,1035.400,1035.400,1.000
Kotlarska,2020,May,1695.000,1694.742,1694.742,1.000
Kotlarska,2020,Jun,2466.000,2465.867,2465.867,1.000
Kotlarska,2020,Jul,3130.000,3129.710,3129.710,1.000
Kotlarska,2020,Aug,2933.000,2932.774,2932.774,1.000
Kotlarska,2020,Sep,2630.000,2630.233,2630.233,1.000
Kotlarska,2020,Oct,1533.000,1533.194,1533.194,1.000
Kotlarska,2020,Nov,1213.000,1213.167,1213.167,1.000
Kotlarska,2020,Dec,768.000,767.839,767.839,1.000
Kotlarska,2021,Jan,577.000,576.581,576.581,1.000
Kotlarska,2021,Feb,628.000,627.821,627.821,1.000
Kotlarska,2021,Mar,1152.000,1152.258,1152.258,1.000
Kotlarska,2021,Apr,1359.000,1359.167,1359.167,1.000
Kotlarska,2021,May,2210.000,2210.323,2210.323,1.000
Kotlarska,2021,Jun,3194.000,3194.333,3194.333,1.000
Kotlarska,2021,Jul,2808.000,2808.065,2808.065,1.000
Kotlarska,2021,Aug,2242.000,2241.935,2241.935,1.000
Kotlarska,2021,Sep,2303.000,2303.200,2303.200,1.000
Kotlarska,2021,Oct,1841.000,1840.806,1840.806,1.000
Kotlarska,2021,Nov,1215.000,1214.967,1214.967,1.000
Kotlarska,2021,Dec,659.000,658.774,658.774,1.000
Kotlarska,2022,Jan,555.000,554.903,554.903,1.000
Kotlarska,2022,Feb,778.000,778.071,778.071,1.000
Kotlarska,2022,Mar,1361.000,1360.742,1360.742,1.000
Kotlarska,2022,Apr,1439.000,1438.633,1438.633,1.000
Kotlarska,2022,May,2954.000,2953.645,2953.645,1.000
Kotlarska,2022,Jun,3247.000,3246.733,3246.733,1.000
Kotlarska,2022,Jul,2858.000,2857.903,2857.903,1.000
Kotlarska,2022,Aug,3015.000,3014.839,3014.839,1.000
Kotlarska,2022,Sep,2157.000,2157.033,2157.033,1.000
Kotlarska,2022,Oct,2048.000,2047.714,2047.714,1.000
Kotlarska,2022,Nov,,,,1.000
Kotlarska,2022,Dec,,,,1.000
Mogilska,2016,Jan,,,,1.000
Mogilska,2016,Feb,,,,1.000
Mogilska,2016,Mar,,,,1.000
Mogilska,2016,Apr,,,,1.000
Mogilska,2016,May,,,,1.000
Mogilska,2016,Jun,,,,1.000
Mogilska,2016,Jul,,,,1.000
Mogilska,2016,Aug,,,,1.000
Mogilska,2016,Sep,,,,1.000
Mogilska,2016,Oct,,,,1.000
Mogilska,2016,Nov,908.000,908.385,908.385,1.000
Mogilska,2016,Dec,518.000,518.000,518.000,1.000
Mogilska,2017,Jan,334.000,333.935,333.935,1.000
Mogilska,2017,Feb,435.000,435.286,435.286,1.000
Mogilska,2017,Mar,1159.000,1159.032,1159.032,1.000
Mogilska,2017,Apr,1240.000,1240.100,1240.100,1.000
Mogilska,2017,May,2359.000,2358.645,2358.645,1.000
Mogilska,2017,Jun,3551.000,3551.400,3551.400,1.000
Mogilska,2017,Jul,3198.000,3197.677,3197.677,1.000
Mogilska,2017,Aug,3209.000,3208.742,3208.742,1.000
Mogilska,2017,Sep,2030.000,2030.167,2030.167,1.000
Mogilska,2017,Oct,1735.000,1734.581,1734.581,1.000
Mogilska,2017,Nov,1060.000,1060.100,1060.100,1.000
Mogilska,2017,Dec,581.000,580.548,580.548,1.000
Mogilska,2018,Jan,587.000,587.129,587.129,1.000
Mogilska,2018,Feb,450.000,449.643,449.643,1.000
Mogilska,2018,Mar,752.000,751.968,751.968,1.000
Mogilska,2018,Apr,2977.000,2977.167,2977.167,1.000
Mogilska,2018,May,3343.000,3342.742,3342.742,1.000
Mogilska,2018,Jun,3259.000,3258.500,3258.500,1.000
Mogilska,2018,Jul,2870.000,2870.258,2870.258,1.000
Mogilska,2018,Aug,3137.000,3136.516,3136.516,1.000
Mogilska,2018,Sep,2743.000,2742.867,2742.867,1.000
Mogilska,2018,Oct,2018.000,2018.323,2018.323,1.000
Mogilska,2018,Nov,1178.000,1178.400,1178.400,1.000
Mogilska,2018,Dec,539.000,539.000,539.000,1.000
Mogilska,2019,Jan,415.000,415.419,415.419,1.000
Mogilska,2019,Feb,812.000,811.857,811.857,1.000
Mogilska,2019,Mar,1351.000,1351.419,1351.419,1.000
Mogilska,2019,Apr,2049.000,2049.267,2049.267,1.000
Mogilska,2019,May,2089.000,2089.258,2089.258,1.000
Mogilska,2019,Jun,3644.000,3644.167,3644.167,1.000
Mogilska,2019,Jul,3395.000,3394.806,3394.806,1.000
Mogilska,2019,Aug,3161.000,3161.290,3161.290,1.000
Mogilska,2019,Sep,2724.000,2724.167,2724.167,1.000
Mogilska,2019,Oct,2486.000,2485.742,2485.742,1.000
Mogilska,2019,Nov,1461.000,1461.100,1461.100,1.000
Mogilska,2019,Dec,948.000,948.194,948.194,1.000
Mogilska,2020,Jan,902.000,902.129,902.129,1.000
Mogilska,2020,Feb,909.000,909.414,909.414,1.000
Mogilska,2020,Mar,1047.000,1047.484,1047.484,1.000
Mogilska,2020,Apr,1379.000,1378.767,1378.767,1.000
Mogilska,2020,May,2173.000,2173.323,2173.323,1.000
Mogilska,2020,Jun,3183.000,3183.367,3183.367,1.000
Mogilska,2020,Jul,3813.000,3812.677,3812.677,1.000
Mogilska,2020,Aug,3444.000,3444.065,3444.065,1.000
Mogilska,2020,Sep,3248.000,3247.600,3247.600,1.000
Mogilska,2020,Oct,2003.000,2002.677,2002.677,1.000
Mogilska,2020,Nov,1452.000,1451.667,1451.667,1.000
Mogilska,2020,Dec,928.000,927.871,927.871,1.000
Mogilska,2021,Jan,682.000,682.290,682.290,1.000
Mogilska,2021,Feb,803.000,803.464,803.464,1.000
Mogilska,2021,Mar,1363.000,1362.935,1362.935,1.000
Mogilska,2021,Apr,1634.000,1633.900,1633.900,1.000
Mogilska,2021,May,2664.000,2664.484,2664.484,1.000
Mogilska,2021,Jun,3761.000,3761.200,3761.200,1.000
Mogilska,2021,Jul,3294.000,3293.935,3293.935,1.000
Mogilska,2021,Aug,2621.000,2621.065,2621.065,1.000
Mogilska,2021,Sep,2792.000,2791.700,2791.700,1.000
Mogilska,2021,Oct,2338.000,2337.903,2337.903,1.000
Mogilska,2021,Nov,1529.000,1529.433,1529.433,1.000
Mogilska,2021,Dec,796.000,795.968,795.968,1.000
Mogilska,2022,Jan,656.000,656.355,656.355,1.000
Mogilska,2022,Feb,927.000,926.643,926.643,1.000
Mogilska,2022,Mar,1689.000,1689.452,1689.452,1.000
Mogilska,2022,Apr,1779.000,1778.600,1778.600,1.000
Mogilska,2022,May,3665.000,3664.613,3664.613,1.000
Mogilska,2022,Jun,3808.000,3807.933,3807.933,1.000
Mogilska,2022,Jul,3288.000,3287.935,3287.935,1.000
Mogilska,2022,Aug,3537.000,3537.097,3537.097,1.000
Mogilska,2022,Sep,2679.000,2679.433,2679.433,1.000
Mogilska,2022,Oct,2558.000,2558.286,2558.286,1.000
Mogilska,2022,Nov,,,,1.000
Mogilska,2022,Dec,,,,1.000
Monte Cassino,2016,Jan,,,,1.000
Monte Cassino,2016,Feb,,,,1.000
Monte Cassino,2016,Mar,,,,1.000
Monte Cassino,2016,Apr,,,,1.000
Monte Cassino,2016,May,,,,1.000
Monte Cassino,2016,Jun,,,,1.000
Monte Cassino,2016,Jul,,,,1.000
Monte Cassino,2016,Aug,,,,1.000
Monte Cassino,2016,Sep,,,,1.000
Monte Cassino,2016,Oct,,,,1.000
Monte Cassino,2016,Nov,,,,1.000
Monte Cassino,2016,Dec,,,,1.000
Monte Cassino,2017,Jan,,,,1.000
Monte Cassino,2017,Feb,,,,1.000
Monte Cassino,2017,Mar,,,,1.000
Monte Cassino,2017,Apr,,,,1.000
Monte Cassino,2017,May,,,,1.000
Monte Cassino,2017,Jun,,,,1.000
Monte Cassino,2017,Jul,,,,1.000
Monte Cassino,2017,Aug,,,,1.000
Monte Cassino,2017,Sep,,,,1.000
Monte Cassino,2017,Oct,,,,1.000
Monte Cassino,2017,Nov,505.000,505.063,505.063,1.000
Monte Cassino,2017,Dec,307.000,307.097,307.097,1.000
Monte Cassino,2018,Jan,333.000,333.065,333.065,1.000
Monte Cassino,2018,Feb,229.000,228.714,228.714,1.000
Monte Cassino,2018,Mar,435.000,434.710,434.710,1.000
Monte Cassino,2018,Apr,1939.000,1938.633,1938.633,1.000
Monte Cassino,2018,May,2190.000,2189.806,2189.806,1.000
Monte Cassino,2018,Jun,1996.000,1996.200,1996.200,1.000
Monte Cassino,2018,Jul,1834.000,1833.742,1833.742,1.000
Monte Cassino,2018,Aug,2053.000,2052.645,2052.645,1.000
Monte Cassino,2018,Sep,1701.000,1700.967,1700.967,1.000
Monte Cassino,2018,Oct,1143.000,1142.903,1142.903,1.000
Monte Cassino,2018,Nov,663.000,662.567,662.567,1.000
Monte Cassino,2018,Dec,284.000,284.065,284.065,1.000
Monte Cassino,2019,Jan,189.000,188.742,188.742,1.000
Monte Cassino,2019,Feb,458.000,457.500,457.500,1.000
Monte Cassino,2019,Mar,838.000,838.452,838.452,1.000
Monte Cassino,2019,Apr,1343.000,1343.167,1343.167,1.000
Monte Cassino,2019,May,1488.000,1487.581,1487.581,1.000
Monte Cassino,2019,Jun,2814.000,2814.333,2814.333,1.000
Monte Cassino,2019,Jul,2570.000,2570.290,2570.290,1.000
Monte Cassino,2019,Aug,2384.000,2383.968,2383.968,1.000
Monte Cassino,2019,Sep,1825.000,1825.433,1825.433,1.000
Monte Cassino,2019,Oct,1781.000,1780.871,1780.871,1.000
Monte Cassino,2019,Nov,1016.000,1016.033,1016.033,1.000
Monte Cassino,2019,Dec,626.000,625.839,625.839,1.000
Monte Cassino,2020,Jan,573.000,572.710,572.710,1.000
Monte Cassino,2020,Feb,614.000,613.966,613.966,1.000
Monte Cassino,2020,Mar,742.000,742.000,742.000,1.000
Monte Cassino,2020,Apr,895.000,895.067,895.067,1.000
Monte Cassino,2020,May,1588.000,1587.774,1587.774,1.000
Monte Cassino,2020,Jun,2340.000,2340.167,2340.167,1.000
Monte Cassino,2020,Jul,2761.000,2760.774,2760.774,1.000
Monte Cassino,2020,Aug,2613.000,2613.161,2613.161,1.000
Monte Cassino,2020,Sep,2416.000,2416.433,2416.433,1.000
Monte Cassino,2020,Oct,1364.000,1364.484,1364.484,1.000
Monte Cassino,2020,Nov,975.000,975.467,975.467,1.000
Monte Cassino,2020,Dec,587.000,587.484,587.484,1.000
Monte Cassino,2021,Jan,436.000,435.774,435.774,1.000
Monte Cassino,2021,Feb,491.000,491.286,491.286,1.000
Monte Cassino,2021,Mar,908.000,908.290,908.290,1.000
Monte Cassino,2021,Apr,1207.000,1207.333,1207.333,1.000
Monte Cassino,2021,May,1895.000,1895.194,1895.194,1.000
Monte Cassino,2021,Jun,2757.000,2756.567,2756.567,1.000
Monte Cassino,2021,Jul,2419.000,2418.871,2418.871,1.000
Monte Cassino,2021,Aug,1976.000,1976.161,1976.161,1.000
Monte Cassino,2021,Sep,1943.000,1942.800,1942.800,1.000
Monte Cassino,2021,Oct,1500.000,1500.387,1500.387,1.000
Monte Cassino,2021,Nov,958.000,957.967,957.967,1.000
Monte Cassino,2021,Dec,483.000,482.968,482.968,1.000
Monte Cassino,2022,Jan,399.000,399.387,399.387,1.000
Monte Cassino,2022,Feb,586.000,585.893,585.893,1.000
Monte Cassino,2022,Mar,1128.000,1127.935,1127.935,1.000
Monte Cassino,2022,Apr,1163.000,1163.367,1163.367,1.000
Monte Cassino,2022,May,2547.000,2546.742,2546.742,1.000
Monte Cassino,2022,Jun,2784.000,2784.467,2784.467,1.000
Monte Cassino,2022,Jul,2344.000,2344.387,2344.387,1.000
Monte Cassino,2022,Aug,2528.000,2528.097,2528.097,1.000
Monte Cassino,2022,Sep,1679.000,1679.033,1679.033,1.000
Monte Cassino,2022,Oct,1600.000,1599.786,1599.786,1.000
Monte Cassino,2022,Nov,,,,1.000
Monte Cassino,2022,Dec,,,,1.000
Niepołomska,2016,Jan,,,,1.000
Niepołomska,2016,Feb,,,,1.000
Niepołomska,2016,Mar,,,,1.000
Niepołomska,2016,Apr,,,,1.000
Niepołomska,2016,May,,,,1.000
Niepołomska,2016,Jun,,,,1.000
Niepołomska,2016,Jul,,,,1.000
Niepołomska,2016,Aug,,,,1.000
Niepołomska,2016,Sep,,,,1.000
Niepołomska,2016,Oct,,,,1.000
Niepołomska,2016,Nov,,,,1.000
Niepołomska,2016,Dec,,,,1.000
Niepołomska,2017,Jan,,,,1.000
Niepołomska,2017,Feb,,,,1.000
Niepołomska,2017,Mar,,,,1.000
Niepołomska,2017,Apr,,,,1.000
Niepołomska,2017,May,,,,1.000
Niepołomska,2017,Jun,,,,1.000
Niepołomska,2017,Jul,,,,1.000
Niepołomska,2017,Aug,,,,1.000
Niepołomska,2017,Sep,,,,1.000
Niepołomska,2017,Oct,,,,1.000
Niepołomska,2017,Nov,,,,1.000
Niepołomska,2017,Dec,,,,1.000
Niepołomska,2018,Jan,,,,1.000
Niepołomska,2018,Feb,,,,1.000
Niepołomska,2018,Mar,,,,1.000
Niepołomska,2018,Apr,,,,1.000
Niepołomska,2018,May,,,,1.000
Niepołomska,2018,Jun,,,,1.000
Niepołomska,2018,Jul,,,,1.000
Niepołomska,2018,Aug,,,,1.000
Niepołomska,2018,Sep,,,,1.000
Niepołomska,2018,Oct,,,,1.000
Niepołomska,2018,Nov,,,,1.000
Niepołomska,2018,Dec,,,,1.000
Niepołomska,2019,Jan,,,,1.000
Niepołomska,2019,Feb,,,,1.000
Niepołomska,2019,Mar,,,,1.000
Niepołomska,2019,Apr,,,,1.000
Niepołomska,2019,May,,,,1.000
Niepołomska,2019,Jun,,,,1.000
Niepołomska,2019,Jul,,,,1.000
Niepołomska,2019,Aug,,,,1.000
Niepołomska,2019,Sep,,,,1.000
Niepołomska,2019,Oct,,,,1.000
Niepołomska,2019,Nov,,,,1.000
Niepołomska,2019,Dec,,,,1.000
Niepołomska,2020,Jan,,,,1.000
Niepołomska,2020,Feb,,,,1.000
Niepołomska,2020,Mar,,,,1.000
Niepołomska,2020,Apr,,,,1.000
Niepołomska,2020,May,,,,1.000
Niepołomska,2020,Jun,,,,1.000
Niepołomska,2020,Jul,,,,1.000
Niepołomska,2020,Aug,,,,1.000
Niepołomska,2020,Sep,,,,1.000
Niepołomska,2020,Oct,,,,1.000
Niepołomska,2020,Nov,,,,1.000
Niepołomska,2020,Dec,170.000,170.200,170.200,1.000
Niepołomska,2021,Jan,144.000,144.290,144.290,1.000
Niepołomska,2021,Feb,198.000,198.429,198.429,1.000
Niepołomska,2021,Mar,503.000,503.097,503.097,1.000
Niepołomska,2021,Apr,926.000,926.367,926.367,1.000
Niepołomska,2021,May,1294.000,1294.387,1294.387,1.000
Niepołomska,2021,Jun,1670.000,1669.933,1669.933,1.000
Niepołomska,2021,Jul,1441.000,1440.871,1440.871,1.000
Niepołomska,2021,Aug,1193.000,1192.774,1192.774,1.000
Niepołomska,2021,Sep,1050.000,1050.000,1050.000,1.000
Niepołomska,2021,Oct,741.000,741.032,741.032,1.000
Niepołomska,2021,Nov,344.000,343.967,343.967,1.000
Niepołomska,2021,Dec,107.000,106.903,106.903,1.000
Niepołomska,2022,Jan,122.000,122.065,122.065,1.000
Niepołomska,2022,Feb,154.000,153.821,153.821,1.000
Niepołomska,2022,Mar,542.000,541.742,541.742,1.000
Niepołomska,2022,Apr,580.000,580.200,580.200,1.000
Niepołomska,2022,May,1624.000,1624.194,1624.194,1.000
Niepołomska,2022,Jun,1584.000,1583.867,1583.867,1.000
Niepołomska,2022,Jul,1312.000,1312.355,1312.355,1.000
Niepołomska,2022,Aug,1429.000,1428.871,1428.871,1.000
Niepołomska,2022,Sep,720.000,720.033,720.033,1.000
Niepołomska,2022,Oct,732.000,731.714,731.714,1.000
Niepołomska,2022,Nov,,,,1.000
Niepołomska,2022,Dec,,,,1.000
Nowohucka,2016,Jan,,,,1.000
Nowohucka,2016,Feb,,,,1.000
Nowohucka,2016,Mar,,,,1.000
Nowohucka,2016,Apr,,,,1.000
Nowohucka,2016,May,,,,1.000
Nowohucka,2016,Jun,,,,1.000
Nowohucka,2016,Jul,,,,1.000
Nowohucka,2016,Aug,,,,1.000
Nowohucka,2016,Sep,,,,1.000
Nowohucka,2016,Oct,,,,1.000
Nowohucka,2016,Nov,,,,1.000
Nowohucka,2016,Dec,,,,1.000
Nowohucka,2017,Jan,,,,1.000
Nowohucka,2017,Feb,,,,1.000
Nowohucka,2017,Mar,,,,1.000
Nowohucka,2017,Apr,,,,1.000
Nowohucka,2017,May,,,,1.000
Nowohucka,2017,Jun,,,,1.000
Nowohucka,2017,Jul,,,,1.000
Nowohucka,2017,Aug,,,,1.000
Nowohucka,2017,Sep,,,,1.000
Nowohucka,2017,Oct,,,,1.000
Nowohucka,2017,Nov,,,,1.000
Nowohucka,2017,Dec,,,,1.000
Nowohucka,2018,Jan,,,,1.000
Nowohucka,2018,Feb,,,,1.000
Nowohucka,2018,Mar,,,,1.000
Nowohucka,2018,Apr,,,,1.000
Nowohucka,2018,May,,,,1.000
Nowohucka,2018,Jun,,,,1.000
Nowohucka,2018,Jul,638.000,638.077,638.077,1.000
Nowohucka,2018,Aug,828.000,828.484,828.484,1.000
Nowohucka,2018,Sep,683.000,682.867,682.867,1.000
Nowohucka,2018,Oct,426.000,425.968,425.968,1.000
Nowohucka,2018,Nov,219.000,218.700,218.700,1.000
Nowohucka,2018,Dec,94.000,93.710,93.710,1.000
Nowohucka,2019,Jan,68.000,67.613,67.613,1.000
Nowohucka,2019,Feb,154.000,153.964,153.964,1.000
Nowohucka,2019,Mar,301.000,301.419,301.419,1.000
Nowohucka,2019,Apr,481.000,480.767,480.767,1.000
Nowohucka,2019,May,531.000,531.129,531.129,1.000
Nowohucka,2019,Jun,1057.000,1057.200,1057.200,1.000
Nowohucka,2019,Jul,927.000,926.774,926.774,1.000
Nowohucka,2019,Aug,871.000,871.065,871.065,1.000
Nowohucka,2019,Sep,651.000,651.200,651.200,1.000
Nowohucka,2019,Oct,570.000,570.387,570.387,1.000
Nowohucka,2019,Nov,291.000,290.733,290.733,1.000
Nowohucka,2019,Dec,185.000,185.290,185.290,1.000
Nowohucka,2020,Jan,177.000,177.032,177.032,1.000
Nowohucka,2020,Feb,187.000,187.000,187.000,1.000
Nowohucka,2020,Mar,273.000,273.484,273.484,1.000
Nowohucka,2020,Apr,475.000,474.600,474.600,1.000
Nowohucka,2020,May,719.000,719.065,719.065,1.000
Nowohucka,2020,Jun,954.000,954.000,954.000,1.000
Nowohucka,2020,Jul,1159.000,1159.000,1159.000,1.000
Nowohucka,2020,Aug,1001.000,1001.097,1001.097,1.000
Nowohucka,2020,Sep,828.000,827.567,827.567,1.000
Nowohucka,2020,Oct,452.000,452.323,452.323,1.000
Nowohucka,2020,Nov,343.000,343.167,343.167,1.000
Nowohucka,2020,Dec,195.000,194.935,194.935,1.000
Nowohucka,2021,Jan,140.000,139.742,139.742,1.000
Nowohucka,2021,Feb,178.000,178.143,178.143,1.000
Nowohucka,2021,Mar,331.000,330.645,330.645,1.000
Nowohucka,2021,Apr,473.000,472.800,472.800,1.000
Nowohucka,2021,May,760.000,760.484,760.484,1.000
Nowohucka,2021,Jun,1080.000,1079.933,1079.933,1.000
Nowohucka,2021,Jul,947.000,946.935,946.935,1.000
Nowohucka,2021,Aug,746.000,745.645,745.645,1.000
Nowohucka,2021,Sep,680.000,679.867,679.867,1.000
Nowohucka,2021,Oct,506.000,505.839,505.839,1.000
Nowohucka,2021,Nov,303.000,302.600,302.600,1.000
Nowohucka,2021,Dec,146.000,145.677,145.677,1.000
Nowohucka,2022,Jan,122.000,122.387,122.387,1.000
Nowohucka,2022,Feb,194.000,193.643,193.643,1.000
Nowohucka,2022,Mar,405.000,405.000,405.000,1.000
Nowohucka,2022,Apr,427.000,426.900,426.900,1.000
Nowohucka,2022,May,1091.000,1091.258,1091.258,1.000
Nowohucka,2022,Jun,1177.000,1177.133,1177.133,1.000
Nowohucka,2022,Jul,997.000,997.290,997.290,1.000
Nowohucka,2022,Aug,1074.000,1074.484,1074.484,1.000
Nowohucka,2022,Sep,687.000,687.200,687.200,1.000
Nowohucka,2022,Oct,621.000,620.786,620.786,1.000
Nowohucka,2022,Nov,,,,1.000
Nowohucka,2022,Dec,,,,1.000
Smoleńsk,2016,Jan,,,,1.000
Smoleńsk,2016,Feb,,,,1.000
Smoleńsk,2016,Mar,,,,1.000
Smoleńsk,2016,Apr,,,,1.000
Smoleńsk,2016,May,,,,1.000
Smoleńsk,2016,Jun,,,,1.000
Smoleńsk,2016,Jul,,,,1.000
Smoleńsk,2016,Aug,,,,1.000
Smoleńsk,2016,Sep,,,,1.000
Smoleńsk,2016,Oct,,,,1.000
Smoleńsk,2016,Nov,,,,1.000
Smoleńsk,2016,Dec,,,,1.000
Smoleńsk,2017,Jan,,,,1.000
Smoleńsk,2017,Feb,,,,1.000
Smoleńsk,2017,Mar,,,,1.000
Smoleńsk,2017,Apr,,,,1.000
Smoleńsk,2017,May,,,,1.000
Smoleńsk,2017,Jun,,,,1.000
Smoleńsk,2017,Jul,,,,1.000
Smoleńsk,2017,Aug,,,,1.000
Smoleńsk,2017,Sep,,,,1.000
Smoleńsk,2017,Oct,,,,1.000
Smoleńsk,2017,Nov,357.000,357.318,357.318,1.000
Smoleńsk,2017,Dec,247.000,247.323,247.323,1.000
Smoleńsk,2018,Jan,237.000,236.645,236.645,1.000
Smoleńsk,2018,Feb,183.000,183.357,183.357,1.000
Smoleńsk,2018,Mar,279.000,278.968,278.968,1.000
Smoleńsk,2018,Apr,784.000,784.033,784.033,1.000
Smoleńsk,2018,May,920.000,920.226,920.226,1.000
Smoleńsk,2018,Jun,921.000,920.733,920.733,1.000
Smoleńsk,2018,Jul,772.000,771.742,771.742,1.000
Smoleńsk,2018,Aug,836.000,835.968,835.968,1.000
Smoleńsk,2018,Sep,818.000,818.200,818.200,1.000
Smoleńsk,2018,Oct,684.000,683.806,683.806,1.000
Smoleńsk,2018,Nov,463.000,463.100,463.100,1.000
Smoleńsk,2018,Dec,256.000,255.806,255.806,1.000
Smoleńsk,2019,Jan,192.000,191.806,191.806,1.000
Smoleńsk,2019,Feb,332.000,332.000,332.000,1.000
Smoleńsk,2019,Mar,489.000,488.935,488.935,1.000
Smoleńsk,2019,Apr,644.000,644.267,644.267,1.000
Smoleńsk,2019,May,721.000,720.645,720.645,1.000
Smoleńsk,2019,Jun,1041.000,1040.767,1040.767,1.000
Smoleńsk,2019,Jul,886.000,886.323,886.323,1.000
Smoleńsk,2019,Aug,857.000,857.065,857.065,1.000
Smoleńsk,2019,Sep,840.000,839.567,839.567,1.000
Smoleńsk,2019,Oct,807.000,806.903,806.903,1.000
Smoleńsk,2019,Nov,525.000,524.867,524.867,1.000
Smoleńsk,2019,Dec,390.000,389.710,389.710,1.000
Smoleńsk,2020,Jan,362.000,361.677,361.677,1.000
Smoleńsk,2020,Feb,362.000,361.966,361.966,1.000
Smoleńsk,2020,Mar,361.000,361.387,361.387,1.000
Smoleńsk,2020,Apr,380.000,379.867,379.867,1.000
Smoleńsk,2020,May,607.000,607.387,607.387,1.000
Smoleńsk,2020,Jun,885.000,885.433,885.433,1.000
Smoleńsk,2020,Jul,999.000,998.516,998.516,1.000
Smoleńsk,2020,Aug,961.000,960.645,960.645,1.000
Smoleńsk,2020,Sep,990.000,990.367,990.367,1.000
Smoleńsk,2020,Oct,701.000,701.065,701.065,1.000
Smoleńsk,2020,Nov,566.000,566.067,566.067,1.000
Smoleńsk,2020,Dec,427.000,426.516,426.516,1.000
Smoleńsk,2021,Jan,319.000,318.645,318.645,1.000
Smoleńsk,2021,Feb,340.000,339.679,339.679,1.000
Smoleńsk,2021,Mar,536.000,536.097,536.097,1.000
Smoleńsk,2021,Apr,601.000,601.133,601.133,1.000
Smoleńsk,2021,May,880.000,880.226,880.226,1.000
Smoleńsk,2021,Jun,1184.000,1184.167,1184.167,1.000
Smoleńsk,2021,Jul,1010.000,1009.742,1009.742,1.000
Smoleńsk,2021,Aug,833.000,832.806,832.806,1.000
Smoleńsk,2021,Sep,976.000,975.800,975.800,1.000
Smoleńsk,2021,Oct,867.000,866.935,866.935,1.000
Smoleńsk,2021,Nov,661.000,660.867,660.867,1.000
Smoleńsk,2021,Dec,408.000,408.419,408.419,1.000
Smoleńsk,2022,Jan,347.000,347.161,347.161,1.000
Smoleńsk,2022,Feb,447.000,447.000,447.000,1.000
Smoleńsk,2022,Mar,692.000,691.774,691.774,1.000
Smoleńsk,2022,Apr,696.000,696.067,696.067,1.000
Smoleńsk,2022,May,1149.000,1149.323,1149.323,1.000
Smoleńsk,2022,Jun,1196.000,1195.833,1195.833,1.000
Smoleńsk,2022,Jul,1023.000,1023.000,1023.000,1.000
Smoleńsk,2022,Aug,1014.000,1013.581,1013.581,1.000
Smoleńsk,2022,Sep,891.000,890.767,890.767,1.000
Smoleńsk,2022,Oct,901.000,901.357,901.357,1.000
Smoleńsk,2022,Nov,,,,1.000
Smoleńsk,2022,Dec,,,,1.000
Tyniecka,2016,Jan,,,,1.000
Tyniecka,2016,Feb,,,,1.000
Tyniecka,2016,Mar,,,,1.000
Tyniecka,2016,Apr,,,,1.000
Tyniecka,2016,May,,,,1.000
Tyniecka,2016,Jun,,,,1.000
Tyniecka,2016,Jul,,,,1.000
Tyniecka,2016,Aug,,,,1.000
Tyniecka,2016,Sep,,,,1.000
Tyniecka,2016,Oct,,,,1.000
Tyniecka,2016,Nov,,,,1.000
Tyniecka,2016,Dec,,,,1.000
Tyniecka,2017,Jan,,,,1.000
Tyniecka,2017,Feb,,,,1.000
Tyniecka,2017,Mar,,,,1.000
Tyniecka,2017,Apr,,,,1.000
Tyniecka,2017,May,,,,1.000
Tyniecka,2017,Jun,,,,1.000
Tyniecka,2017,Jul,,,,1.000
Tyniecka,2017,Aug,,,,1.000
Tyniecka,2017,Sep,,,,1.000
Tyniecka,2017,Oct,,,,1.000
Tyniecka,2017,Nov,315.000,314.563,314.563,1.000
Tyniecka,2017,Dec,210.000,210.355,210.355,1.000
Tyniecka,2018,Jan,213.000,212.968,212.968,1.000
Tyniecka,2018,Feb,147.000,147.071,147.071,1.000
Tyniecka,2018,Mar,419.000,418.613,418.613,1.000
Tyniecka,2018,Apr,2245.000,2244.700,2244.700,1.000
Tyniecka,2018,May,2682.000,2681.806,2681.806,1.000
Tyniecka,2018,Jun,1803.000,1802.500,1802.500,1.000
Tyniecka,2018,Jul,1916.000,1916.323,1916.323,1.000
Tyniecka,2018,Aug,2140.000,2139.677,2139.677,1.000
Tyniecka,2018,Sep,1764.000,1764.033,1764.033,1.000
Tyniecka,2018,Oct,1022.000,1021.968,1021.968,1.000
Tyniecka,2018,Nov,500.000,499.900,499.900,1.000
Tyniecka,2018,Dec,175.000,175.355,175.355,1.000
Tyniecka,2019,Jan,138.000,138.129,138.129,1.000
Tyniecka,2019,Feb,421.000,421.429,421.429,1.000
Tyniecka,2019,Mar,857.000,856.677,856.677,1.000
Tyniecka,2019,Apr,1184.000,1184.100,1184.100,1.000
Tyniecka,2019,May,1452.000,1451.645,1451.645,1.000
Tyniecka,2019,Jun,2618.000,2618.367,2618.367,1.000
Tyniecka,2019,Jul,2011.000,2010.548,2010.548,1.000
Tyniecka,2019,Aug,2268.000,2268.323,2268.323,1.000
Tyniecka,2019,Sep,1588.000,1587.567,1587.567,1.000
Tyniecka,2019,Oct,1272.000,1272.065,1272.065,1.000
Tyniecka,2019,Nov,521.000,520.500,520.500,1.000
Tyniecka,2019,Dec,328.000,327.903,327.903,1.000
Tyniecka,2020,Jan,294.000,294.097,294.097,1.000
Tyniecka,2020,Feb,396.000,396.034,396.034,1.000
Tyniecka,2020,Mar,780.000,779.806,779.806,1.000
Tyniecka,2020,Apr,993.000,993.333,993.333,1.000
Tyniecka,2020,May,2139.000,2139.452,2139.452,1.000
Tyniecka,2020,Jun,2695.000,2695.367,2695.367,1.000
Tyniecka,2020,Jul,2968.000,2967.806,2967.806,1.000
Tyniecka,2020,Aug,2915.000,2914.774,2914.774,1.000
Tyniecka,2020,Sep,2235.000,2235.100,2235.100,1.000
Tyniecka,2020,Oct,1170.000,1169.839,1169.839,1.000
Tyniecka,2020,Nov,821.000,821.267,821.267,1.000
Tyniecka,2020,Dec,362.000,361.806,361.806,1.000
Tyniecka,2021,Jan,291.000,291.387,291.387,1.000
Tyniecka,2021,Feb,397.000,397.071,397.071,1.000
Tyniecka,2021,Mar,858.000,857.935,857.935,1.000
Tyniecka,2021,Apr,1516.000,1515.967,1515.967,1.000
Tyniecka,2021,May,2172.000,2172.194,2172.194,1.000
Tyniecka,2021,Jun,3061.000,3061.333,3061.333,1.000
Tyniecka,2021,Jul,2546.000,2545.968,2545.968,1.000
Tyniecka,2021,Aug,2238.000,2238.097,2238.097,1.000
Tyniecka,2021,Sep,2043.000,2043.200,2043.200,1.000
Tyniecka,2021,Oct,1455.000,1454.613,1454.613,1.000
Tyniecka,2021,Nov,685.000,685.033,685.033,1.000
Tyniecka,2021,Dec,226.000,226.484,226.484,1.000
Tyniecka,2022,Jan,242.000,241.548,241.548,1.000
Tyniecka,2022,Feb,403.000,402.500,402.500,1.000
Tyniecka,2022,Mar,1023.000,1023.000,1023.000,1.000
Tyniecka,2022,Apr,1032.000,1032.067,1032.067,1.000
Tyniecka,2022,May,2902.000,2901.710,2901.710,1.000
Tyniecka,2022,Jun,2889.000,2888.833,2888.833,1.000
Tyniecka,2022,Jul,2460.000,2459.806,2459.806,1.000
Tyniecka,2022,Aug,2668.000,2668.194,2668.194,1.000
Tyniecka,2022,Sep,1471.000,1470.667,1470.667,1.000
Tyniecka,2022,Oct,1530.000,1530.429,1530.429,1.000
Tyniecka,2022,Nov,,,,1.000
Tyniecka,2022,Dec,,,,1.000
Wadowicka,2016,Jan,,,,1.000
Wadowicka,2016,Feb,,,,1.000
Wadowicka,2016,Mar,,,,1.000
Wadowicka,2016,Apr,,,,1.000
Wadowicka,2016,May,,,,1.000
Wadowicka,2016,Jun,,,,1.000
Wadowicka,2016,Jul,,,,1.000
Wadowicka,2016,Aug,,,,1.000
Wadowicka,2016,Sep,,,,1.000
Wadowicka,2016,Oct,,,,1.000
Wadowicka,2016,Nov,229.000,229.231,229.231,1.000
Wadowicka,2016,Dec,159.000,158.516,158.516,1.000
Wadowicka,2017,Jan,79.000,78.516,78.516,1.000
Wadowicka,2017,Feb,118.000,118.464,118.464,1.000
Wadowicka,2017,Mar,244.000,244.355,244.355,1.000
Wadowicka,2017,Apr,257.000,257.467,257.467,1.000
Wadowicka,2017,May,544.000,543.548,543.548,1.000
Wadowicka,2017,Jun,804.000,803.533,803.533,1.000
Wadowicka,2017,Jul,756.000,755.516,755.516,1.000
Wadowicka,2017,Aug,625.000,624.645,624.645,1.000
Wadowicka,2017,Sep,476.000,476.467,476.467,1.000
Wadowicka,2017,Oct,341.000,340.806,340.806,1.000
Wadowicka,2017,Nov,187.000,186.500,186.500,1.000
Wadowicka,2017,Dec,136.000,135.903,135.903,1.000
Wadowicka,2018,Jan,207.000,206.645,206.645,1.000
Wadowicka,2018,Feb,174.000,173.607,173.607,1.000
Wadowicka,2018,Mar,374.000,374.097,374.097,1.000
Wadowicka,2018,Apr,1114.000,1113.633,1113.633,1.000
Wadowicka,2018,May,1219.000,1219.161,1219.161,1.000
Wadowicka,2018,Jun,1304.000,1303.867,1303.867,1.000
Wadowicka,2018,Jul,1428.000,1427.710,1427.710,1.000
Wadowicka,2018,Aug,1374.000,1373.613,1373.613,1.000
Wadowicka,2018,Sep,1286.000,1286.100,1286.100,1.000
Wadowicka,2018,Oct,758.000,758.387,758.387,1.000
Wadowicka,2018,Nov,599.000,599.033,599.033,1.000
Wadowicka,2018,Dec,222.000,222.387,222.387,1.000
Wadowicka,2019,Jan,140.000,140.484,140.484,1.000
Wadowicka,2019,Feb,323.000,323.214,323.214,1.000
Wadowicka,2019,Mar,994.000,993.613,993.613,1.000
Wadowicka,2019,Apr,868.000,868.033,868.033,1.000
Wadowicka,2019,May,931.000,930.742,930.742,1.000
Wadowicka,2019,Jun,1472.000,1471.933,1471.933,1.000
Wadowicka,2019,Jul,1709.000,1708.581,1708.581,1.000
Wadowicka,2019,Aug,1430.000,1429.581,1429.581,1.000
Wadowicka,2019,Sep,1084.000,1084.367,1084.367,1.000
Wadowicka,2019,Oct,747.000,746.548,746.548,1.000
Wadowicka,2019,Nov,581.000,581.233,581.233,1.000
Wadowicka,2019,Dec,408.000,408.419,408.419,1.000
Wadowicka,2020,Jan,404.000,403.935,403.935,1.000
Wadowicka,2020,Feb,454.000,454.172,454.172,1.000
Wadowicka,2020,Mar,515.000,515.032,515.032,1.000
Wadowicka,2020,Apr,565.000,565.000,565.000,1.000
Wadowicka,2020,May,945.000,944.968,944.968,1.000
Wadowicka,2020,Jun,1204.000,1203.800,1203.800,1.000
Wadowicka,2020,Jul,1539.000,1539.452,1539.452,1.000
Wadowicka,2020,Aug,1490.000,1489.871,1489.871,1.000
Wadowicka,2020,Sep,1626.000,1626.133,1626.133,1.000
Wadowicka,2020,Oct,842.000,842.387,842.387,1.000
Wadowicka,2020,Nov,688.000,688.433,688.433,1.000
Wadowicka,2020,Dec,448.000,448.258,448.258,1.000
Wadowicka,2021,Jan,355.000,355.452,355.452,1.000
Wadowicka,2021,Feb,300.000,299.571,299.571,1.000
Wadowicka,2021,Mar,664.000,663.581,663.581,1.000
Wadowicka,2021,Apr,799.000,799.000,799.000,1.000
Wadowicka,2021,May,1172.000,1172.355,1172.355,1.000
Wadowicka,2021,Jun,1741.000,1741.233,1741.233,1.000
Wadowicka,2021,Jul,1591.000,1590.871,1590.871,1.000
Wadowicka,2021,Aug,1298.000,1298.194,1298.194,1.000
Wadowicka,2021,Sep,1319.000,1319.233,1319.233,1.000
Wadowicka,2021,Oct,1109.000,1109.258,1109.258,1.000
Wadowicka,2021,Nov,743.000,742.733,742.733,1.000
Wadowicka,2021,Dec,392.000,391.742,391.742,1.000
Wadowicka,2022,Jan,320.000,319.839,319.839,1.000
Wadowicka,2022,Feb,455.000,454.643,454.643,1.000
Wadowicka,2022,Mar,847.000,846.839,846.839,1.000
Wadowicka,2022,Apr,797.000,797.133,797.133,1.000
Wadowicka,2022,May,1527.000,1526.677,1526.677,1.000
Wadowicka,2022,Jun,1690.000,1689.867,1689.867,1.000
Wadowicka,2022,Jul,1595.000,1594.645,1594.645,1.000
Wadowicka,2022,Aug,1827.000,1827.065,1827.065,1.000
Wadowicka,2022,Sep,1344.000,1343.933,1343.933,1.000
Wadowicka,2022,Oct,1198.000,1197.714,1197.714,1.000
Wadowicka,2022,Nov,,,,1.000
Wadowicka,2022,Dec,,,,1.000
Wielicka,2016,Jan,,,,1.000
Wielicka,2016,Feb,,,,1.000
Wielicka,2016,Mar,,,,1.000
Wielicka,2016,Apr,,,,1.000
Wielicka,2016,May,,,,1.000
Wielicka,2016,Jun,,,,1.000
Wielicka,2016,Jul,,,,1.000
Wielicka,2016,Aug,,,,1.000
Wielicka,2016,Sep,,,,1.000
Wielicka,2016,Oct,,,,1.000
Wielicka,2016,Nov,264.000,263.615,263.615,1.000
Wielicka,2016,Dec,136.000,136.419,136.419,1.000
Wielicka,2017,Jan,85.000,85.032,85.032,1.000
Wielicka,2017,Feb,127.000,127.250,127.250,1.000
Wielicka,2017,Mar,334.000,334.032,334.032,1.000
Wielicka,2017,Apr,396.000,395.533,395.533,1.000
Wielicka,2017,May,802.000,801.581,801.581,1.000
Wielicka,2017,Jun,1194.000,1194.267,1194.267,1.000
Wielicka,2017,Jul,1096.000,1096.355,1096.355,1.000
Wielicka,2017,Aug,1078.000,1078.323,1078.323,1.000
Wielicka,2017,Sep,754.000,753.667,753.667,1.000
Wielicka,2017,Oct,499.000,499.194,499.194,1.000
Wielicka,2017,Nov,278.000,278.400,278.400,1.000
Wielicka,2017,Dec,150.000,149.516,149.516,1.000
Wielicka,2018,Jan,153.000,152.935,152.935,1.000
Wielicka,2018,Feb,108.000,108.393,108.393,1.000
Wielicka,2018,Mar,212.000,211.581,211.581,1.000
Wielicka,2018,Apr,1039.000,1039.100,1039.100,1.000
Wielicka,2018,May,1209.000,1209.032,1209.032,1.000
Wielicka,2018,Jun,1096.000,1095.733,1095.733,1.000
Wielicka,2018,Jul,1062.000,1061.871,1061.871,1.000
Wielicka,2018,Aug,1274.000,1274.161,1274.161,1.000
Wielicka,2018,Sep,1081.000,1080.867,1080.867,1.000
Wielicka,2018,Oct,797.000,796.839,796.839,1.000
Wielicka,2018,Nov,463.000,463.200,463.200,1.000
Wielicka,2018,Dec,222.000,221.839,221.839,1.000
Wielicka,2019,Jan,157.000,156.613,156.613,1.000
Wielicka,2019,Feb,327.000,327.321,327.321,1.000
Wielicka,2019,Mar,575.000,574.871,574.871,1.000
Wielicka,2019,Apr,915.000,914.633,914.633,1.000
Wielicka,2019,May,952.000,951.935,951.935,1.000
Wielicka,2019,Jun,1843.000,1842.667,1842.667,1.000
Wielicka,2019,Jul,1761.000,1760.871,1760.871,1.000
Wielicka,2019,Aug,1670.000,1669.935,1669.935,1.000
Wielicka,2019,Sep,1349.000,1348.500,1348.500,1.000
Wielicka,2019,Oct,1221.000,1221.387,1221.387,1.000
Wielicka,2019,Nov,689.000,689.200,689.200,1.000
Wielicka,2019,Dec,444.000,443.742,443.742,1.000
Wielicka,2020,Jan,416.000,416.226,416.226,1.000
Wielicka,2020,Feb,437.000,436.621,436.621,1.000
Wielicka,2020,Mar,541.000,541.000,541.000,1.000
Wielicka,2020,Apr,718.000,718.133,718.133,1.000
Wielicka,2020,May,1185.000,1185.387,1185.387,1.000
Wielicka,2020,Jun,1733.000,1733.000,1733.000,1.000
Wielicka,2020,Jul,2050.000,2050.484,2050.484,1.000
Wielicka,2020,Aug,1843.000,1842.548,1842.548,1.000
Wielicka,2020,Sep,1621.000,1620.833,1620.833,1.000
Wielicka,2020,Oct,934.000,933.839,933.839,1.000
Wielicka,2020,Nov,688.000,688.233,688.233,1.000
Wielicka,2020,Dec,423.000,423.419,423.419,1.000
Wielicka,2021,Jan,312.000,312.032,312.032,1.000
Wielicka,2021,Feb,360.000,360.036,360.036,1.000
Wielicka,2021,Mar,656.000,655.548,655.548,1.000
Wielicka,2021,Apr,855.000,855.000,855.000,1.000
Wielicka,2021,May,1352.000,1352.290,1352.290,1.000
Wielicka,2021,Jun,1957.000,1956.500,1956.500,1.000
Wielicka,2021,Jul,1751.000,1751.419,1751.419,1.000
Wielicka,2021,Aug,1414.000,1413.935,1413.935,1.000
Wielicka,2021,Sep,1411.000,1410.833,1410.833,1.000
Wielicka,2021,Oct,1121.000,1120.645,1120.645,1.000
Wielicka,2021,Nov,712.000,712.300,712.300,1.000
Wielicka,2021,Dec,347.000,346.613,346.613,1.000
Wielicka,2022,Jan,297.000,296.677,296.677,1.000
Wielicka,2022,Feb,412.000,411.964,411.964,1.000
Wielicka,2022,Mar,823.000,823.387,823.387,1.000
Wielicka,2022,Apr,857.000,857.233,857.233,1.000
Wielicka,2022,May,1811.000,1811.129,1811.129,1.000
Wielicka,2022,Jun,1886.000,1885.500,1885.500,1.000
Wielicka,2022,Jul,1661.000,1661.290,1661.290,1.000
Wielicka,2022,Aug,1818.000,1817.742,1817.742,1.000
Wielicka,2022,Sep,1248.000,1247.733,1247.733,1.000
Wielicka,2022,Oct,1168.000,1167.571,1167.571,1.000
Wielicka,2022,Nov,,,,1.000
Wielicka,2022,Dec,,,,1.000
